Lot No.,Batch No.,Vm,t5
2021-01-02,1,38.7,3.13
2021-01-02,3,38.2,3.06
2021-01-02,5,38.4,3.22
2021-01-02,7,38.9,3.18
2021-01-02,9,38.8,3.16
2021-01-02,11,38.9,3.14
2021-01-02,13,39.6,3.37
2021-01-02,15,38.8,3.09
2021-01-02,17,38.9,3.27
2021-01-02,19,38.5,3.11
2021-01-02,21,38,3.07
2021-01-02,23,37.8,3.12
2021-01-02,25,37.8,3.22
2021-01-02,27,38.1,3.16
2021-01-02,29,38.6,3.14
2021-01-02,31,38.5,3.13
2021-01-02,33,38.3,3.11
2021-01-02,35,38.3,3.14
2021-01-02,37,38.5,3.18
2021-01-02,39,38.2,3.13
2021-01-02,41,37.9,3.18
2021-01-03,1,38.7,3.28
2021-01-03,3,38.5,3.21
2021-01-03,5,38.8,3.19
2021-01-03,7,39,3.21
2021-01-03,9,39.1,3.2
2021-01-03,11,39,3.19
2021-01-03,13,38.9,3.16
2021-01-03,15,38.8,3.25
2021-01-03,17,39,3.17
2021-01-03,19,39,3.15
2021-01-03,21,38.4,3.2
2021-01-03,23,38.4,3.1
2021-01-03,25,38.2,3.18
2021-01-03,27,38.6,3.19
2021-01-03,29,38.8,3.39
2021-01-03,31,37.9,3.1
2021-01-03,33,38.3,3.13
2021-01-03,35,38,3.07
2021-01-03,37,37,3.16
2021-01-03,39,37.6,3.13
2021-01-03,41,38.2,3.18
2021-01-03,43,38,3.15
2021-01-03,45,38.8,3.1
2021-01-03,47,38.6,3.1
2021-01-04,1,39,3.3
2021-01-04,3,38.8,3.07
2021-01-04,5,38.1,3.08
2021-01-04,7,38.4,3.38
2021-01-04,9,38.2,3.1
2021-01-04,11,37.8,3.22
2021-01-04,13,38,3.09
2021-01-04,15,39.1,3.13
2021-01-04,17,38.8,3.45
2021-01-04,19,39.4,3.26
2021-01-04,21,39.1,3.21
2021-01-04,23,38.1,3.18
2021-01-04,25,38,3.14
2021-01-04,27,37.9,3.14
2021-01-04,29,38.8,3.13
2021-01-04,31,38.8,3.11
2021-01-04,33,38.4,3.14
2021-01-06,1,38.8,3.2
2021-01-06,3,38.8,3.4
2021-01-06,5,38.6,3.08
2021-01-06,7,39,3.17
2021-01-06,9,38.9,3.09
2021-01-06,11,38.7,3.11
2021-01-06,13,38.9,3.17
2021-01-06,15,38.8,3.14
2021-01-06,17,38.3,3.19
2021-01-06,19,38.8,3.29
2021-01-06,21,38.6,3.19
2021-01-07,1,39.9,3.19
2021-01-07,3,40.2,3.13
2021-01-07,5,40.8,3.14
2021-01-07,7,40.2,3.21
2021-01-07,9,39.9,3.09
2021-01-07,11,40.2,3.11
2021-01-07,13,39.8,3.09
2021-01-07,15,40,3.04
2021-01-07,17,39.8,3.08
2021-01-08,1,39.9,3.2
2021-01-08,3,39.7,3.12
2021-01-08,5,39.9,3.06
2021-01-08,7,39.8,3.04
2021-01-08,9,39.8,3.2
2021-01-08,11,40.7,2.56
2021-01-08,13,39.8,3.1
2021-01-08,15,39.3,3.13
2021-01-08,17,40.8,3.12
2021-01-08,19,39.8,3.03
2021-01-08,21,39.2,3.11
2021-01-08,23,39.7,3.12
2021-01-08,25,39.4,3.1
2021-01-08,27,39,3.15
2021-01-08,29,39.1,3.17
2021-01-08,31,40.1,3.07
2021-01-08,33,39,3.1
2021-01-08,35,39.5,3.12
2021-01-09,1,39.8,3.23
2021-01-09,3,39.1,3.16
2021-01-09,5,39.2,3.17
2021-01-09,7,39.9,3.1
2021-01-09,9,39.2,3.1
2021-01-09,11,38.9,3.14
2021-01-09,13,39.2,3.14
2021-01-09,15,38.7,3.15
2021-01-09,17,40,3.06
2021-01-09,19,39.8,3.12
2021-01-09,21,39.4,3.08
2021-01-09,23,39.3,3.41
2021-01-09,25,39.1,3.3
2021-01-09,27,37.5,3.26
2021-01-09,29,38.9,3.4
2021-01-09,31,39,3.32
2021-01-09,33,38.7,3.26
2021-01-09,35,38.6,3.25
2021-01-09,37,38,3.3
2021-01-09,39,37.9,3.29
2021-01-10,1,39.4,3.31
2021-01-10,3,39.8,3.38
2021-01-10,5,39.5,3.19
2021-01-10,7,39.7,3.38
2021-01-10,9,40,3.08
2021-01-10,11,40.2,3.23
2021-01-10,13,39.8,3.19
2021-01-10,15,39.7,3.15
2021-01-10,17,40.2,3.16
2021-01-10,19,40.4,3.3
2021-01-10,21,40.1,3.21
2021-01-10,23,39.6,3.19
2021-01-10,25,39.5,3.14
2021-01-10,27,39.1,3.16
2021-01-10,29,39.3,3.15
2021-01-11,1,40.6,3.14
2021-01-11,3,40.7,3.1
2021-01-11,5,40.6,3.19
2021-01-11,7,39.6,3.21
2021-01-11,9,40.4,3.2
2021-01-11,11,40.4,3.12
2021-01-11,13,40.3,3.14
2021-01-11,15,40.2,3.17
2021-01-11,17,40.1,3.15
2021-01-11,19,39,3.13
2021-01-11,21,38.8,3.18
2021-01-11,23,38.7,3.12
2021-01-11,25,38.3,3.09
2021-01-11,27,40.1,3.24
2021-01-11,29,41.3,3.19
2021-01-11,31,43.4,3.5
2021-01-11,33,43.1,3.12
2021-01-11,35,42.3,3.14
2021-01-11,37,42.5,3.46
2021-01-11,39,41.7,3.17
2021-01-12,1,38.6,3.26
2021-01-12,3,38.9,3.21
2021-01-12,5,38.7,3.25
2021-01-12,7,39.1,3.45
2021-01-12,9,39.8,3.13
2021-01-12,11,39.6,3.23
2021-01-12,13,39.8,3.16
2021-01-12,15,39.7,3.21
2021-01-12,17,40.3,3.15
2021-01-12,19,40.3,3.26
2021-01-12,21,40.1,3.22
2021-01-12,23,39.3,3.24
2021-01-12,25,39.3,3.26
2021-01-12,27,39.8,3.21
2021-01-12,29,39.4,3.17
2021-01-13,1,38.3,3.38
2021-01-13,3,39.2,3.22
2021-01-13,5,40.6,3.33
2021-01-13,7,39.7,3.2
2021-01-13,9,39.8,3.15
2021-01-13,11,41.1,3.36
2021-01-13,13,40.4,3.28
2021-01-13,15,40.2,3.45
2021-01-14,31,39.6,3.19
2021-01-14,33,39.7,3.08
2021-01-14,35,40.6,3.1
2021-01-14,37,39.8,3.24
2021-01-14,39,39.6,3.18
2021-01-14,41,40.4,3.01
2021-01-15,1,39.2,3.15
2021-01-15,3,39.4,3.12
2021-01-15,5,40.1,3.13
2021-01-15,7,40.1,3.08
2021-01-15,9,39.7,3.14
2021-01-15,11,39.3,3.12
2021-01-15,13,39.6,3.14
2021-01-15,15,39.1,3.1
2021-01-15,17,40.3,3.15
2021-01-15,19,40.8,3.09
2021-01-15,21,40.4,3.21
2021-01-15,23,40.6,3.14
2021-01-15,25,41.4,3.36
2021-01-15,27,40.6,3.11
2021-01-15,29,40.2,3.23
2021-01-15,31,39.8,3.11
2021-01-16,1,39.4,3.29
2021-01-16,3,38.7,3.35
2021-01-16,5,38.8,3.31
2021-01-16,7,39,3.33
2021-01-16,9,38.8,3.3
2021-01-16,11,39.2,3.15
2021-01-16,13,38.7,3.26
2021-01-16,15,39,3.26
2021-01-16,17,39.1,3.19
2021-01-16,19,38.1,3.26
2021-01-16,21,39.3,3.01
2021-01-16,23,38.8,3.1
2021-01-16,25,39,3.09
2021-01-16,27,39.1,3.08
2021-01-16,29,38.8,3.06
2021-01-16,31,38.9,3.06
2021-01-16,33,38.6,3.05
2021-01-16,35,38.6,3.06
2021-01-16,37,39.1,3.06
2021-01-16,39,38.5,3.11
2021-01-16,41,38.6,3.15
2021-01-16,43,38.5,3.1
2021-01-16,45,38.9,3.07
2021-01-16,47,38.6,3.1
2021-01-16,49,38.6,3.28
2021-01-16,51,39.1,3.06
2021-01-16,53,38.9,3.08
2021-01-16,55,38.9,3.03
2021-01-16,57,38.8,3.03
2021-01-17,1,37.9,3.17
2021-01-17,3,38.3,3.12
2021-01-17,5,38.7,3
2021-01-17,7,38.7,3.01
2021-01-17,9,38.7,3.06
2021-01-17,11,38.9,3
2021-01-17,13,38.8,3.06
2021-01-17,15,38.6,3.05
2021-01-17,17,38.2,3.13
2021-01-17,19,38.8,3.04
2021-01-17,21,38.3,3.06
2021-01-17,23,38.8,3.03
2021-01-17,25,38.6,3.05
2021-01-17,27,37.6,3.15
2021-01-17,29,37.6,3.17
2021-01-17,31,38.6,3.08
2021-01-17,33,38,3.12
2021-01-17,35,38.1,3.14
2021-01-17,37,38.6,3.12
2021-01-17,39,38.7,3.48
2021-01-17,41,38.2,3.25
2021-01-17,43,38,3.14
2021-01-17,45,37.1,3.14
2021-01-17,47,37.2,3.17
2021-01-17,49,37.7,3.11
2021-01-17,51,38.3,3.13
2021-01-17,53,38.4,3.33
2021-01-17,55,38.4,3.11
2021-01-17,57,38.8,3.22
2021-01-17,59,38.6,3.23
2021-01-17,61,38.3,3.12
2021-01-17,63,38.3,3.1
2021-01-18,1,37.1,3.21
2021-01-18,3,38,3.14
2021-01-18,5,37.6,3.11
2021-01-18,7,38.1,3.1
2021-01-18,9,38.9,3.07
2021-01-18,11,38.8,3.07
2021-01-18,13,38,3.1
2021-01-18,15,38.7,3.07
2021-01-18,17,38.3,3.1
2021-01-18,19,38.1,3.11
2021-01-18,21,38.3,3.16
2021-01-18,23,38.4,3.08
2021-01-20,1,37.6,3.17
2021-01-20,3,37.7,3.11
2021-01-20,5,37.9,3.28
2021-01-20,7,38.2,3.17
2021-01-20,9,37.7,3.14
2021-01-20,11,36,3.46
2021-01-21,1,36.4,3.19
2021-01-21,3,36.5,3.17
2021-01-21,5,36.3,3.11
2021-01-21,7,35.9,3.14
2021-01-21,9,36.8,3.11
2021-01-21,11,37,3.1
2021-01-21,13,36.9,3.12
2021-01-21,15,36.5,3.05
2021-01-21,17,36.9,3.1
2021-01-21,19,37,3.04
2021-01-21,21,36.2,3.13
2021-01-21,23,36.8,3.12
2021-01-21,25,36.6,3.09
2021-01-21,27,36.4,3.13
2021-01-21,29,38.6,3.23
2021-01-21,31,38.9,3.11
2021-01-21,33,38,3.17
2021-01-22,1,37,3.16
2021-01-22,3,36.7,3.27
2021-01-22,5,36.8,3.21
2021-01-22,7,37.2,3.27
2021-01-22,9,37,3.25
2021-01-22,11,37.8,3.28
2021-01-27,1,38.5,3.29
2021-01-27,3,38.9,3.2
2021-01-27,5,38.9,3.32
2021-01-27,7,38.8,3.24
2021-01-27,9,38.3,3.35
2021-01-27,11,38.6,3.24
2021-01-27,13,39.1,3.3
2021-01-27,15,39.5,3.12
2021-01-27,17,38.1,3.22
2021-01-27,19,38.4,3.23
2021-01-27,21,38.3,3.23
2021-01-27,23,38.5,3.19
2021-01-27,25,38.8,3.19
2021-01-27,27,38.3,3.19
2021-01-27,29,38.3,3.26
2021-01-27,31,38.3,3.24
2021-01-27,33,38.3,3.18
2021-01-27,35,38.1,3.28
2021-01-27,37,38.5,3.23
2021-01-27,39,38.4,3.18
2021-01-27,41,38.1,3.24
2021-01-27,43,38.8,3.13
2021-01-27,45,38.8,3.35
2021-01-27,47,38.5,3.21
2021-01-27,49,37.3,3.27
2021-01-27,51,37.9,3.18
2021-01-27,53,38.1,3.17
2021-01-27,55,37.9,3.25
2021-01-27,57,37.9,3.26
2021-01-27,59,38.7,3.09
2021-01-27,61,38.9,3.13
2021-01-27,63,38.3,3.16
2021-01-27,65,38.3,3.14
2021-01-28,1,38.4,3.31
2021-01-28,3,40.7,3.25
2021-01-28,5,40.6,3.39
2021-01-28,7,40.7,3.23
2021-01-28,9,39.1,3.19
2021-01-28,11,39.3,3.21
2021-01-28,13,40.5,3.23
2021-01-28,15,40.5,3.11
2021-01-28,17,40.5,3.17
2021-01-28,19,39.8,3.25
2021-01-28,21,39.3,3.2
2021-01-28,23,40.1,3.11
2021-01-28,25,39.5,3.24
2021-01-28,27,39.5,3.17
2021-01-28,29,40.5,3.09
2021-01-29,1,39.3,3.23
2021-01-29,3,39.3,3.24
2021-01-29,5,39.6,3.27
2021-01-29,7,38.9,3.31
2021-01-29,9,38.6,3.34
2021-01-29,11,39.2,3.27
2021-01-29,13,38.9,3.23
2021-01-29,15,39,3.32
2021-01-29,17,38.8,3.27
2021-01-29,31,40.6,3.18
2021-01-29,33,40.6,3.14
2021-01-29,35,40.8,3.16
2021-01-29,37,40,3.19
2021-01-29,39,39.7,3.17
2021-01-29,41,39.1,3.29
2021-01-29,43,38.9,3.25
2021-01-29,45,39.7,3.3
2021-01-29,47,39.4,3.16
2021-01-29,49,39.2,3.19
2021-01-29,51,39.4,3.2
2021-01-29,53,39.3,3.14
2021-01-30,1,38.2,3.33
2021-01-30,3,38.4,3.26
2021-01-30,5,39.4,3.35
2021-01-30,7,39.2,3.29
2021-01-30,9,38.4,3.23
2021-01-30,11,38.6,3.24
2021-01-30,13,38.6,3.22
2021-01-30,15,38.5,3.24
2021-01-30,17,38.8,3.23
2021-01-30,19,38,3.25
2021-01-30,21,39.4,3.3
2021-01-30,23,38.7,3.28
2021-01-30,25,38.6,3.41
2021-01-30,27,38.7,3.31
2021-01-30,29,38.5,3.28
2021-01-30,31,38.9,3.21
2021-01-30,33,38.7,3.28
2021-01-30,35,39.1,3.19
2021-01-30,37,40,3.4
2021-01-30,39,40.1,3.09
2021-01-30,41,40,3.13
2021-01-30,43,40,3.22
2021-01-30,45,39.6,3.22
2021-01-30,47,40.2,3.17
2021-01-30,49,39.9,3.17
2021-01-30,51,39.8,3.4
2021-01-30,53,39.8,3.42
2021-01-31,1,38.1,3.45
2021-01-31,3,37.9,3.44
2021-01-31,5,37.2,3.54
2021-01-31,7,37.3,3.51
2021-01-31,9,37.6,3.48
2021-01-31,11,37.6,3.48
2021-01-31,13,37.9,4.01
2021-01-31,15,37.9,3.46
2021-01-31,17,37.7,3.41
2021-01-31,19,37.6,3.42
2021-01-31,21,37.5,3.5
2021-01-31,23,37.2,3.49
2021-01-31,25,37.4,3.45
2021-01-31,27,36.7,3.45
2021-01-31,29,37.3,3.44
2021-01-31,31,37,3.43
2021-01-31,33,36.9,3.42
2021-01-31,35,37.3,3.43
2021-01-31,37,37.2,3.42
2021-01-31,39,36.8,3.47
2021-01-31,41,36.7,3.36
2021-01-31,43,36.9,3.4
2021-01-31,45,37.1,3.34
2021-01-31,47,37,3.35
2021-01-31,49,36.5,3.39
2021-02-01,1,37.4,3.44
2021-02-01,3,37.7,3.46
2021-02-01,5,37.9,3.57
2021-02-01,7,37.8,3.42
2021-02-01,9,38,3.44
2021-02-01,11,38.2,3.43
2021-02-01,13,38.6,3.29
2021-02-01,15,38.3,3.41
2021-02-01,17,38.4,3.3
2021-02-01,19,38.7,3.3
2021-02-01,21,37.8,3.38
2021-02-01,23,37.8,3.27
2021-02-01,25,37.4,3.31
2021-02-01,27,36.9,3.33
2021-02-01,29,38,3.28
2021-02-01,31,38.1,3.29
2021-02-01,33,37.9,3.27
2021-02-01,35,37.7,3.44
2021-02-01,37,37.4,3.4
2021-02-01,39,37.7,3.24
2021-02-01,41,37,3.3
2021-02-03,1,39.4,3.37
2021-02-03,3,39.8,3.36
2021-02-03,5,39.6,3.27
2021-02-03,7,40.1,3.2
2021-02-03,9,39.8,3.23
2021-02-03,11,40,3.27
2021-02-03,13,39.9,3.2
2021-02-03,15,40,3.37
2021-02-03,17,40.1,3.26
2021-02-04,1,41.1,3.37
2021-02-04,2,40.9,3.22
2021-02-04,3,41.2,3.13
2021-02-04,4,41.6,3.08
2021-02-04,5,41.9,3.03
2021-02-04,6,41.7,3.19
2021-02-04,7,41.6,3.13
2021-02-04,8,41.5,3.15
2021-02-04,9,41.9,3.35
2021-02-04,10,42.5,3.1
2021-02-04,11,42.7,3.12
2021-02-04,12,42.4,3.15
2021-02-04,13,42.1,3.18
2021-02-04,15,42.2,3.18
2021-02-04,17,42,3.24
2021-02-04,19,41.6,3.16
2021-02-04,21,41.9,3.14
2021-02-04,23,42.9,3.22
2021-02-04,25,41.8,3.23
2021-02-04,27,42.1,3.18
2021-02-04,29,42.3,3.25
2021-02-04,31,42.4,3.37
2021-02-04,33,41.9,3.19
2021-02-04,35,41.9,3.21
2021-02-04,37,41.9,3.19
2021-02-04,39,41.9,3.25
2021-02-04,41,42,3.17
2021-02-04,43,42.1,3.15
2021-02-04,45,41.9,3.16
2021-02-04,47,41.3,3.23
2021-02-05,1,40.4,3.36
2021-02-05,3,40.1,3.32
2021-02-05,5,41.6,3.21
2021-02-05,7,39.7,3.22
2021-02-05,9,39.5,3.36
2021-02-05,11,40.3,3.23
2021-02-05,13,40.4,3.3
2021-02-05,15,39.2,3.33
2021-02-05,17,39.5,3.24
2021-02-05,19,40.6,3.24
2021-02-05,21,39.8,3.32
2021-02-05,23,40.1,3.26
2021-02-05,25,39.9,3.4
2021-02-05,27,39.8,3.27
2021-02-05,29,40.3,3.24
2021-02-05,31,41,3.2
2021-02-05,33,39.9,3.25
2021-02-05,35,40,3.19
2021-02-05,37,40.9,3.23
2021-02-05,39,40.6,3.27
2021-02-05,41,40.7,3.25
2021-02-05,43,40.6,3.22
2021-02-05,45,40.4,3.31
2021-02-05,47,39.9,3.22
2021-02-05,49,40.1,3.3
2021-02-05,51,40.3,3.49
2021-02-05,53,39.8,3.28
2021-02-05,55,39.2,3.34
2021-02-05,57,39,3.42
2021-02-05,59,38.6,3.4
2021-02-10,1,39.9,3.31
2021-02-10,3,39.8,3.36
2021-02-10,5,39.3,3.34
2021-02-10,7,39.2,3.41
2021-02-10,9,39,3.37
2021-02-10,11,39.3,3.41
2021-02-10,13,39.5,3.33
2021-02-10,15,39.3,3.49
2021-02-10,17,39,3.24
2021-02-10,19,39,3.3
2021-02-10,21,39.7,3.43
2021-02-10,23,39.9,3.27
2021-02-10,25,39.5,3.24
2021-02-10,27,38.8,3.34
2021-02-10,29,38.7,3.34
2021-02-10,31,39.5,3.27
2021-02-10,33,39.2,3.37
2021-02-10,35,39.8,3.24
2021-02-10,37,39.1,3.28
2021-02-10,39,39.1,3.35
2021-02-10,1,40.4,3.39
2021-02-10,3,40.6,3.37
2021-02-10,5,40.6,3.24
2021-02-10,7,40.2,3.27
2021-02-10,9,41.3,3.3
2021-02-10,11,41.1,3.31
2021-02-10,13,40.8,3.46
2021-02-10,15,40.6,3.32
2021-02-10,17,39.5,3.39
2021-02-10,19,40.4,3.48
2021-02-10,21,39.3,3.41
2021-02-10,23,38.7,3.5
2021-02-10,25,39.1,3.48
2021-02-10,27,38.5,3.52
2021-02-10,29,37.9,3.5
2021-02-10,1,37.9,3.34
2021-02-10,3,38,3.35
2021-02-10,5,38.3,3.33
2021-02-10,7,37.9,3.3
2021-02-10,9,38.3,3.57
2021-02-10,11,38.7,3.29
2021-02-10,13,39.1,3.25
2021-02-10,15,38.4,3.32
2021-02-10,17,38.6,3.35
2021-02-10,19,38.5,3.3
2021-02-10,21,39.4,3.42
2021-02-10,23,39.9,3.23
2021-02-10,25,39.3,3.27
2021-02-10,27,38.6,3.28
2021-02-10,29,39.1,3.5
2021-02-10,31,38.6,3.21
2021-02-10,33,39.3,3.24
2021-02-10,35,38.5,3.28
2021-02-10,37,39.5,3.28
2021-02-10,39,39.5,3.21
2021-02-10,41,39.4,3.21
2021-02-17,1,38.3,4
2021-02-17,3,38.5,3.18
2021-02-17,5,38.9,3.26
2021-02-17,7,39.9,3.21
2021-02-17,9,39.7,3.3
2021-02-17,11,39,3.23
2021-02-17,13,38.7,3.32
2021-02-17,15,39.6,3.24
2021-02-17,17,39.4,3.28
2021-02-17,19,42.4,3.33
2021-02-17,21,41.4,3.25
2021-02-17,23,40.8,3.26
2021-02-17,25,40.4,3.29
2021-02-17,27,40.6,3.25
2021-02-17,29,40.4,3.25
2021-02-17,31,39.8,3.16
2021-02-17,33,39.2,3.42
2021-02-17,35,39.4,3.28
2021-02-17,37,39.7,3.25
2021-02-17,39,39.2,3.33
2021-02-17,41,39.5,3.37
2021-02-17,43,39.2,3.21
2021-02-17,45,39.2,3.23
2021-02-17,47,40.1,3.19
2021-02-18,1,38.2,3.35
2021-02-18,3,39.2,3.269
2021-02-18,5,39,3.29
2021-02-18,7,38.4,3.25
2021-02-18,9,38.7,3.2
2021-02-18,11,39.3,3.19
2021-02-18,13,39.9,3.09
2021-02-18,15,39.6,3.15
2021-02-18,17,39.5,3.16
2021-02-18,19,39.2,3.17
2021-02-18,21,39,3.18
2021-02-18,23,38.6,3.12
2021-02-18,25,38.9,3.12
2021-02-18,27,38.3,3.17
2021-02-18,29,38.7,3.12
2021-02-19,1,39.4,3.34
2021-02-19,3,39.6,3.24
2021-02-19,5,39.3,3.17
2021-02-19,7,39.8,3.17
2021-02-19,9,39.8,3.17
2021-02-19,11,40,3.15
2021-02-24,1,38.6,3.21
2021-02-24,3,38.7,3.16
2021-02-24,5,40,3.13
2021-02-24,7,39.3,3.21
2021-02-24,9,40.6,3.21
2021-02-24,11,39.3,3.158
2021-02-24,13,39.6,3.19
2021-02-24,15,39.9,3.17
2021-02-24,17,40.1,3.14
2021-02-24,19,39.8,3.13
2021-02-24,21,39.9,3.2
2021-02-24,23,40.2,3.13
2021-02-24,25,39.4,3.14
2021-02-24,27,39.7,3.12
2021-02-24,29,39.8,3.36
2021-02-24,31,39.7,3.12
2021-02-24,33,40.2,3.04
2021-02-24,35,40.6,3.05
2021-02-24,37,40.5,3.14
2021-02-24,39,40.5,3.11
2021-02-24,41,41.8,3.1
2021-02-24,43,39.7,3.13
2021-02-24,45,39.5,3.12
2021-02-24,47,39.4,3.08
2021-02-24,49,39.9,3.08
2021-02-24,51,40.1,3.07
2021-02-24,53,39.5,3.05
2021-02-25,1,40.7,3.25
2021-02-25,3,40.4,3.25
2021-02-25,5,40.6,3.21
2021-02-25,7,40.2,3.29
2021-02-25,9,41.6,3.15
2021-02-25,11,42.3,3.2
2021-02-25,13,41.6,3.16
2021-02-25,15,40.7,3.27
2021-02-25,17,40.8,3.1
2021-02-25,19,40.1,3.11
2021-02-25,21,39.6,3.14
2021-02-25,23,40.6,3.16
2021-02-25,25,40.2,3.12
2021-02-25,27,40,3.15
2021-02-25,29,40.5,3.14
2021-02-25,31,39.6,3.17
2021-02-25,33,39.7,3.17
2021-02-25,35,39.8,3.17
2021-02-25,37,39.6,3.19
2021-02-25,39,39.8,3.14
2021-02-25,41,41,3.19
2021-02-25,43,41.6,3.17
2021-02-25,45,41.4,3.12
2021-02-25,47,41,3.17
2021-02-25,49,40.6,3.17
2021-02-25,51,40.4,3.16
2021-02-28,1,37.3,3.37
2021-02-28,3,37.8,3.29
2021-02-28,5,38.2,3.33
2021-02-28,7,38.4,3.27
2021-02-28,9,38.1,3.23
2021-02-28,11,38.1,3.31
2021-02-28,13,38.1,3.39
2021-02-28,15,38,3.24
2021-02-28,17,38.2,3.53
2021-02-28,19,38.4,3.23
2021-02-28,21,38.7,3.19
2021-02-28,23,37.8,3.43
2021-02-28,25,37.8,3.23
2021-02-28,27,38,3.2
2021-02-28,29,39.2,3.18
2021-02-28,31,39,3.19
2021-02-28,33,39.4,3.19
2021-02-28,35,39.8,3.19
2021-02-28,37,39.4,3.22
2021-02-28,39,39,3.28
2021-03-02,1,38.7,3.16
2021-03-02,3,39,3.16
2021-03-02,5,39.4,3.12
2021-03-02,7,39.5,3.1
2021-03-02,9,40.5,3.17
2021-03-02,11,40.2,3.1
2021-03-02,13,40,3.12
2021-03-02,15,40,3.13
2021-03-02,17,39.4,3.14
2021-03-02,19,39.4,3.16
2021-03-02,21,39.7,3.22
2021-03-02,23,40.5,3.13
2021-03-02,25,39.4,3.14
2021-03-02,27,39.1,3.16
2021-03-02,29,39.5,3.14
2021-03-02,31,39.9,3.13
2021-03-02,33,40.5,3.17
2021-03-02,35,40.2,3.09
2021-03-02,37,40.8,3.23
2021-03-02,39,40.4,3.09
2021-03-02,41,40.7,3.16
2021-03-03,1,40.4,3.23
2021-03-03,3,40.6,3.16
2021-03-03,5,40,3.13
2021-03-03,7,40.2,3.14
2021-03-03,9,40.4,3.13
2021-03-03,11,40.1,3.17
2021-03-03,13,40,3.17
2021-03-03,15,40.9,3.35
2021-03-03,17,40.6,3.14
2021-03-03,19,40.2,3.12
2021-03-03,21,42,3.2
2021-03-03,23,42,3
2021-03-03,25,40.8,3.11
2021-03-03,27,40.4,3.12
2021-03-03,29,41.1,3.22
2021-03-03,31,41.2,3.18
2021-03-03,33,39.8,3.19
2021-03-03,35,40,3.11
2021-03-03,37,40.2,3.14
2021-03-03,39,40,3.19
2021-03-03,41,38.3,3.23
2021-03-03,43,38.2,3.14
2021-03-03,45,38.8,3.12
2021-03-03,47,39.4,3.2
2021-03-03,49,38.4,3.15
2021-03-03,51,38.3,3.2
2021-03-04,1,38.6,3.29
2021-03-04,3,38.2,3.24
2021-03-04,5,38.8,3.14
2021-03-04,7,39.5,3.07
2021-03-04,9,38.8,3.22
2021-03-04,11,38.7,3.24
2021-03-04,13,39,3.19
2021-03-04,15,38.4,3.26
2021-03-04,17,38.6,3.3
2021-03-04,19,39,3.28
2021-03-04,21,38.8,3.27
2021-03-04,23,38.8,3.24
2021-03-04,25,38.8,3.26
2021-03-04,27,38.4,3.27
2021-03-04,29,38.6,3.28
2021-03-04,31,38.4,3.22
2021-03-04,33,41.3,3.12
2021-03-04,35,40,3.17
2021-03-04,37,39.4,3.24
2021-03-04,39,39.3,3.22
2021-03-04,41,39.3,3.21
2021-03-05,1,38.5,3.25
2021-03-05,3,39.3,3.28
2021-03-05,5,39.4,3.21
2021-03-05,7,39.2,3.25
2021-03-05,9,38.8,3.14
2021-03-05,11,38.8,3.27
2021-03-06,1,37.2,3.25
2021-03-06,3,37.2,3.26
2021-03-06,5,36.8,3.19
2021-03-06,7,36.5,3.27
2021-03-06,9,37.5,3.24
2021-03-06,11,38.2,3.13
2021-03-06,13,39,3.41
2021-03-06,15,37.7,3.13
2021-03-06,17,37.5,3.24
2021-03-06,19,37.2,3.21
2021-03-06,21,38,3.2
2021-03-06,23,37.2,3.23
2021-03-06,25,36.7,3.33
2021-03-06,27,37.4,3.33
2021-03-06,29,37.6,3.39
2021-03-06,31,37.6,3.18
2021-03-06,33,38.7,3.18
2021-03-06,35,37.6,3.16
2021-03-06,37,37.5,3.19
2021-03-06,39,37.4,3.26
2021-03-06,41,38.9,3.29
2021-03-06,43,39.1,3.26
2021-03-06,45,38.9,3.24
2021-03-06,47,38.6,3.2
2021-03-06,49,39.2,3.46
2021-03-06,51,39.8,3.24
2021-03-06,53,39.5,3.2
2021-03-06,55,39.5,3.19
2021-03-06,57,40.1,3.2
2021-03-06,59,39.5,3.17
2021-03-06,61,39.8,3.2
2021-03-06,63,39.3,3.2
2021-03-06,65,39.1,3.16
2021-03-06,67,39.2,3.21
2021-03-06,69,39.2,3.17
2021-03-06,71,38.9,3.22
2021-03-07,1,39.1,3.22
2021-03-07,3,39.1,3.23
2021-03-07,5,38.9,3.25
2021-03-07,7,38.6,3.26
2021-03-07,9,38.9,3.24
2021-03-07,11,39.1,3.26
2021-03-07,13,39.1,3.21
2021-03-07,15,39.4,3.19
2021-03-07,17,39.8,3.42
2021-03-07,19,39.5,3.27
2021-03-07,21,39.1,3.29
2021-03-07,23,39.7,3.18
2021-03-07,25,39.8,3.12
2021-03-07,27,40.1,3.1
2021-03-07,29,39.7,3.12
2021-03-07,31,39,3.16
2021-03-09,1,37.7,3.24
2021-03-09,3,37.9,3.32
2021-03-09,5,37.6,3.16
2021-03-09,7,38.1,3.26
2021-03-09,9,38,3.26
2021-03-09,11,38.4,3.31
2021-03-09,13,38.6,3.25
2021-03-09,15,39.1,3.26
2021-03-09,17,40.1,3.16
2021-03-09,19,40,3.3
2021-03-09,21,39.6,3.16
2021-03-09,23,39.1,3.44
2021-03-09,25,39.3,3.19
2021-03-09,27,39.8,3.36
2021-03-09,29,39,3.17
2021-03-09,31,39.7,3.23
2021-03-09,33,39.7,3.17
2021-03-09,35,38.8,3.26
2021-03-10,1,38.4,3.33
2021-03-10,3,39.2,3.23
2021-03-10,5,39.2,3.29
2021-03-10,7,39,3.26
2021-03-10,9,39.6,3.17
2021-03-10,11,39.4,3.23
2021-03-10,13,39.2,3.18
2021-03-10,15,39.1,3.15
2021-03-10,17,39.1,3.2
2021-03-10,19,39.1,3.18
2021-03-10,21,40.2,3.26
2021-03-10,23,39.9,3.47
2021-03-10,25,40.3,3.26
2021-03-10,27,40.4,3.27
2021-03-10,29,40.9,3.23
2021-03-10,31,40.2,3.27
2021-03-10,33,40.3,3.37
2021-03-10,35,40.4,3.4
2021-03-10,37,40.7,3.23
2021-03-10,39,40.4,3.24
2021-03-10,41,39.6,3.37
2021-03-10,43,39.6,3.54
2021-03-10,45,39.9,3.26
2021-03-10,47,39.6,3.26
2021-03-10,49,39.4,3.23
2021-03-10,51,39.2,3.45
2021-03-10,53,38.3,3.37
2021-03-10,55,37.7,3.37
2021-03-10,57,37.8,3.25
2021-03-10,59,38.6,3.27
2021-03-11,1,38,3.25
2021-03-11,3,38.2,3.26
2021-03-11,5,38.3,3.23
2021-03-11,7,38.2,3.24
2021-03-11,9,39.1,3.21
2021-03-11,11,38.7,3.24
2021-03-11,13,38.4,3.21
2021-03-11,15,39.1,3.26
2021-03-11,17,39,3.16
2021-03-11,19,38.3,3.25
2021-03-11,21,38,3.17
2021-03-11,23,38,3.18
2021-03-11,25,38.3,3.19
2021-03-11,27,38.4,3.19
2021-03-11,29,38.4,3.22
2021-03-11,31,39.2,3.2
2021-03-11,33,38.4,3.25
2021-03-11,35,38.1,3.25
2021-03-11,37,38.1,3.49
2021-03-11,39,38.2,3.21
2021-03-11,41,38.6,3.2
2021-03-11,43,38.3,3.31
2021-03-11,45,37.9,3.18
2021-03-11,47,38,3.2
2021-03-11,49,38.1,3.29
2021-03-11,51,37.8,3.24
2021-03-12,1,38.1,3.32
2021-03-12,3,38.1,3.44
2021-03-12,5,38.8,3.2
2021-03-12,7,38.9,3.22
2021-03-12,9,38.7,3.18
2021-03-12,11,39.2,3.28
2021-03-12,13,39.4,3.14
2021-03-12,15,39,3.19
2021-03-12,17,39,3.23
2021-03-13,1,38.6,3.32
2021-03-13,3,38.8,3.23
2021-03-13,5,39.3,3.19
2021-03-13,7,38.6,3.22
2021-03-13,9,39,3.25
2021-03-13,11,39.3,3.22
2021-03-13,13,39.8,3.14
2021-03-13,15,38.9,3.21
2021-03-13,17,39.2,3.21
2021-03-13,19,38.8,3.3
2021-03-13,21,39.1,3.21
2021-03-13,23,38.6,3.19
2021-03-13,25,38,3.11
2021-03-13,27,38.4,3.16
2021-03-13,29,38.5,3.34
2021-03-13,31,38.2,3.27
2021-03-13,33,38,3.25
2021-03-13,35,38.4,3.15
2021-03-13,37,39.3,3.22
2021-03-13,39,39.5,3.18
2021-03-16,1,38.5,3.15
2021-03-16,3,38.4,3.21
2021-03-16,5,38.5,3.16
2021-03-16,7,38.3,3.23
2021-03-16,9,38,3.13
2021-03-16,11,39.5,3.19
2021-03-16,13,39.8,3.2
2021-03-16,15,39.5,3.11
2021-03-16,17,39.5,3.17
2021-03-16,19,39.8,3.13
2021-03-16,21,38,3.24
2021-03-17,1,37.4,3.32
2021-03-17,3,37.4,3.15
2021-03-17,5,38.2,3.13
2021-03-17,7,38.7,3.17
2021-03-17,9,37.8,3.25
2021-03-17,11,39.2,3.14
2021-03-17,13,39.3,3.12
2021-03-17,15,39.1,3.4
2021-03-17,17,39.7,2.59
2021-03-17,19,40.9,2.53
2021-03-17,21,39,3.17
2021-03-17,23,39.1,3.21
2021-03-17,25,39.1,3.12
2021-03-17,27,38.9,3.15
2021-03-17,29,39.4,3.19
2021-03-17,31,41.6,3.07
2021-03-17,33,41.5,3.1
2021-03-17,35,41.2,3.08
2021-03-17,37,40.8,3.1
2021-03-17,39,41.7,3.07
2021-03-17,41,41,3.1
2021-03-17,43,41.1,3.07
2021-03-17,45,41.3,3.11
2021-03-17,47,41.4,3.08
2021-03-17,49,42.8,3.23
2021-03-17,51,42.5,3.11
2021-03-17,53,41.5,3.08
2021-03-17,55,41.5,3.04
2021-03-17,57,40.6,3.22
2021-03-17,59,41.1,3.2
2021-03-17,61,41,3.14
2021-03-17,63,41.7,3.05
2021-03-17,65,41.4,3.15
2021-03-17,67,41.9,3.37
2021-03-17,69,41.5,3.12
2021-03-18,1,41.4,3.28
2021-03-18,3,41.8,3.16
2021-03-18,5,41.5,3.19
2021-03-18,7,41.8,3.15
2021-03-18,9,42.4,3.11
2021-03-18,11,42.5,3.07
2021-03-18,13,42,3.07
2021-03-18,15,42.5,3.19
2021-03-18,17,42.5,3.12
2021-03-18,19,42.5,3.08
2021-03-18,21,42.3,3.14
2021-03-18,23,42.2,3.11
2021-03-18,25,42.7,3.2
2021-03-18,27,42.1,3.11
2021-03-19,1,41.9,3.19
2021-03-19,3,41.7,3.24
2021-03-19,5,41.8,3.2
2021-03-19,7,42.4,3.17
2021-03-19,9,42.6,3.03
2021-03-19,11,41.4,3.28
2021-03-19,13,41.2,3.22
2021-03-19,15,41.9,3.22
2021-03-19,17,41,3.23
2021-03-19,19,40.9,3.3
2021-03-19,21,41,3.16
2021-03-19,23,41.8,3.12
2021-03-19,25,42.2,3.14
2021-03-19,27,41.3,3.17
2021-03-19,29,41.2,3.17
2021-03-19,31,41.3,3.32
2021-03-19,33,42.2,3.06
2021-03-19,35,42.3,2.59
2021-03-19,37,41.5,3.21
2021-03-19,39,40.6,3.24
2021-03-19,41,41.2,3.4
2021-03-19,43,41.5,3.18
2021-03-19,45,41.1,3.21
2021-03-20,11,40.2,3.28
2021-03-20,13,40.9,3.33
2021-03-20,15,41.7,3.12
2021-03-20,17,41.4,3.16
2021-03-20,19,41.1,3.12
2021-03-20,21,41.5,3.14
2021-03-20,23,41.6,3.15
2021-03-20,25,40.7,3.22
2021-03-20,27,40.4,3.27
2021-03-20,29,40.7,3.26
2021-03-20,31,41,3.21
2021-03-20,33,40.6,3.18
2021-03-20,35,40.4,3.2
2021-03-20,37,40.8,3.17
2021-03-20,39,40.7,3.13
2021-03-20,41,40.8,3.19
2021-03-20,43,40.8,3.24
2021-03-20,45,40.5,3.24
2021-03-20,47,40.2,3.2
2021-03-20,49,40,3.2
2021-03-20,51,40.5,3.19
2021-03-20,1,40.2,3.26
2021-03-20,3,40.1,3.25
2021-03-20,5,40.4,3.22
2021-03-20,7,40.8,3.21
2021-03-20,9,41.6,3.39
2021-03-21,1,39.3,3.32
2021-03-21,3,40,3.24
2021-03-21,5,39.6,3.28
2021-03-21,7,39.4,3.24
2021-03-21,9,39.2,3.51
2021-03-23,1,39.4,3.33
2021-03-23,3,40.6,3.24
2021-03-23,5,39.7,3.25
2021-03-23,7,40.5,3.29
2021-03-23,9,40.9,3.19
2021-03-23,11,40.3,3.22
2021-03-23,13,40.8,3.17
2021-03-23,15,40,3.2
2021-03-23,17,39.8,3.35
2021-03-23,19,40.6,3.16
2021-03-23,21,40.5,3.19
2021-03-23,23,41.6,3.11
2021-03-23,25,42.2,3.12
2021-03-23,27,41.4,3.27
2021-03-23,29,41.3,3.11
2021-03-23,31,40.8,3.23
2021-03-23,33,41,3.17
2021-03-23,35,41.2,3.12
2021-03-25,1,39.7,3.11
2021-03-25,3,39.2,3.27
2021-03-25,5,40,3.11
2021-03-25,7,40.2,3.05
2021-03-25,9,41.1,2.59
2021-03-24,1,40.6,3.24
2021-03-24,3,40.2,3.24
2021-03-24,5,40.4,3.31
2021-03-24,7,41,3.21
2021-03-24,9,41,3.24
2021-03-24,11,40.8,3.31
2021-03-24,13,40.9,3.19
2021-03-24,15,41.4,3.24
2021-03-24,17,40.8,3.51
2021-03-24,19,40.6,3.36
2021-03-24,21,40.7,3.26
2021-03-24,23,40.7,3.21
2021-03-24,25,41,3.25
2021-03-24,27,41.9,3
2021-03-24,29,39.9,3.17
2021-03-24,31,39.5,3.25
2021-03-24,33,40.6,3.13
2021-03-24,35,40.3,3.24
2021-03-24,37,39.5,3.16
2021-03-24,39,39.2,3.14
2021-03-24,41,39.6,3.24
2021-03-24,43,39.3,3.2
2021-03-24,45,38.9,3.17
2021-03-24,47,39.1,3.08
2021-03-24,49,40.3,2.57
2021-03-24,51,39.2,3.08
2021-03-24,53,39.8,3.12
2021-03-24,55,40.2,2.59
2021-03-24,57,40.2,3.04
2021-03-25,11,40.8,2.56
2021-03-25,13,40.4,2.51
2021-03-25,15,40.3,3.01
2021-03-25,17,39.9,3.15
2021-03-25,19,39.3,3.19
2021-03-25,21,39.5,3.29
2021-03-25,23,40,3.15
2021-03-25,25,40.1,3.19
2021-03-25,27,39.9,3.2
2021-03-25,29,40.4,3.12
2021-03-25,31,40,3.24
2021-03-25,33,40.1,3.2
2021-03-25,35,39.8,3.22
2021-03-25,37,40.1,3.22
2021-03-25,39,40,3.2
2021-03-25,41,40.3,3.24
2021-03-25,43,40.4,3.15
2021-03-25,45,40.3,3.34
2021-03-26,1,40,3.2
2021-03-26,3,44,3.21
2021-03-26,5,40.6,3.38
2021-03-26,7,43,3.09
2021-03-26,9,40.7,3.07
2021-03-26,11,40.8,3.06
2021-03-26,13,42,3.14
2021-03-26,15,40.8,3.21
2021-03-26,17,44.3,3.23
2021-03-26,19,40.9,3.13
2021-03-26,21,40.3,3.34
2021-03-26,23,39.8,3.37
2021-03-26,25,38.9,3.32
2021-03-26,27,38.4,3.42
2021-03-26,29,38.5,3.3
2021-03-26,31,38.4,3.26
2021-03-26,33,38.6,3.34
2021-03-26,35,38.3,3.37
2021-03-26,37,39.1,3.39
2021-03-26,39,38.9,3.24
2021-03-27,1,37.3,3.32
2021-03-27,3,37.9,3.43
2021-03-27,5,38.1,3.11
2021-03-27,7,37.6,3.09
2021-03-27,9,37.7,3.17
2021-03-27,11,37.8,3.16
2021-03-27,13,37.7,3.11
2021-03-27,15,37.7,3.08
2021-03-27,17,37.8,3.15
2021-03-27,19,37.9,3.2
2021-03-27,21,41.5,3.15
2021-03-27,23,39.9,3.16
2021-03-27,25,40.4,3.23
2021-03-27,27,38.9,3.17
2021-03-27,29,38.9,3.18
2021-03-27,31,39.5,3.17
2021-03-27,33,39.6,3.07
2021-03-27,35,39.3,3.14
2021-03-27,37,38.6,3.13
2021-03-27,39,38.4,3.15
2021-03-27,41,38.7,3.18
2021-03-30,1,38.2,3.18
2021-03-30,3,38,3.11
2021-03-30,5,36.5,3.16
2021-03-30,7,37.5,3.15
2021-03-30,9,37.2,3.12
2021-03-30,11,37.3,3.16
2021-03-30,13,38.8,3.34
2021-03-30,15,38.7,3.09
2021-03-30,17,38.6,3.04
2021-03-30,19,38.1,3.11
2021-03-30,21,37.9,3.21
2021-03-30,23,37.6,3.12
2021-03-31,1,39,3.23
2021-03-31,3,39.5,3.06
2021-03-31,5,39.3,3.19
2021-03-31,7,40,3.25
2021-03-31,9,39.1,3.18
2021-03-31,11,39.6,3.17
2021-04-01,1,38.7,3.28
2021-04-01,3,39.3,3.18
2021-04-01,5,38.7,3.19
2021-04-01,7,38.8,3.19
2021-04-01,9,39.7,3.11
2021-04-01,11,40.2,3
2021-04-01,13,39.9,3.02
2021-04-01,15,40,2.58
2021-04-01,17,39.9,3.13
2021-04-01,19,39.4,3.09
2021-04-01,21,38.7,3.18
2021-04-01,23,39.3,3.09
2021-04-01,25,39.5,3.13
2021-04-01,27,39.3,3.2
2021-04-01,29,39.8,3.14
2021-04-01,31,39.2,3.15
2021-04-01,33,39.3,3.16
2021-04-01,35,39.9,3.06
2021-04-02,1,37.2,3.33
2021-04-02,3,38,3.16
2021-04-02,5,38.9,3.09
2021-04-02,7,38.3,3.13
2021-04-02,9,39.2,3.14
2021-04-02,11,38.4,3.16
2021-04-02,13,38.4,3.25
2021-04-02,15,38.4,3.26
2021-04-02,17,39.3,3.26
2021-04-02,19,39.2,3.18
2021-04-02,21,39.2,3.14
2021-04-02,23,38.4,3.32
2021-04-02,25,39,3.14
2021-04-02,27,39,3.17
2021-04-02,29,39.5,3.41
2021-04-02,31,39,3.12
2021-04-02,33,38.9,3.18
2021-04-02,35,39.2,3.17
2021-04-02,37,39.7,3.14
2021-04-02,39,39.3,3.09
2021-04-02,41,39.4,3.3
2021-04-02,43,38.9,3.15
2021-04-02,45,39.5,3.18
2021-04-02,47,38.9,3.22
2021-04-02,49,38.5,3.15
2021-04-02,51,38.8,3.13
2021-04-02,53,38,3.2
2021-04-02,55,38.8,3.11
2021-04-02,57,38.6,3.18
2021-04-02,59,38,3.18
2021-04-02,61,38.4,3.24
2021-04-02,63,38.4,3.15
2021-04-03,1,34.2,3.41
2021-04-03,3,34.3,3.2
2021-04-03,5,34.9,3.15
2021-04-03,7,35,3.22
2021-04-03,9,35.4,3.22
2021-04-03,11,35.2,3.24
2021-04-03,13,34.6,3.25
2021-04-03,15,35.2,3.13
2021-04-03,17,34.4,3.54
2021-04-03,19,35.4,3.15
2021-04-03,21,35.6,3.11
2021-04-03,23,39.6,3.21
2021-04-03,25,38.6,3.21
2021-04-03,27,39,3.25
2021-04-03,29,39.4,3.14
2021-04-06,1,38.2,3.33
2021-04-06,3,38.6,3.46
2021-04-06,5,38.8,3.23
2021-04-06,7,38.8,3.23
2021-04-06,9,39.4,3.45
2021-04-06,11,39.4,3.23
2021-04-06,13,39.5,3.18
2021-04-06,15,38.9,3.19
2021-04-06,17,39.3,3.17
2021-04-06,19,39.2,3.19
2021-04-06,21,41.8,3.18
2021-04-06,23,40.8,3.25
2021-04-06,25,40.3,3.26
2021-04-06,27,40,3.21
2021-04-06,29,40.5,3.28
2021-04-06,31,40.6,3.15
2021-04-06,33,40.4,3.16
2021-04-06,35,40.4,3.17
2021-04-06,37,39.8,3.16
2021-04-06,39,39.7,3.18
2021-04-06,41,39.9,3.19
2021-04-06,43,40.9,3.4
2021-04-06,45,40.1,3.17
2021-04-06,47,39.7,3.21
2021-04-06,49,40.4,3.16
2021-04-06,51,40,3.12
2021-04-06,53,40.1,3.16
2021-04-06,55,39,3.18
2021-04-06,57,39.2,3.26
2021-04-06,59,39.2,3.27
2021-04-06,61,39.8,3.19
2021-04-06,63,41.3,3.41
2021-04-06,65,39.8,3.22
2021-04-06,67,39.8,3.2
2021-04-06,69,40,3.25
2021-04-06,71,40.2,3.3
2021-04-07,1,40.6,3.25
2021-04-07,3,39.7,3.24
2021-04-07,5,39.9,3.18
2021-04-07,7,39.9,3.15
2021-04-07,9,40.4,3.19
2021-04-07,11,39.1,3.23
2021-04-07,13,39.4,3.19
2021-04-07,15,39.6,3.19
2021-04-07,17,38.9,3.21
2021-04-07,19,38.8,3.19
2021-04-07,21,39.3,3.22
2021-04-08,1,38.3,3.25
2021-04-08,3,38.7,3.28
2021-04-08,5,38.7,3.12
2021-04-08,7,39.2,3.08
2021-04-08,9,40,3.23
2021-04-08,11,39.3,3.18
2021-04-08,13,40.3,3.13
2021-04-08,15,38.7,3.13
2021-04-08,17,39.3,3.16
2021-04-08,19,39.5,3.14
2021-04-08,21,39.4,3.35
2021-04-08,23,39.5,3.47
2021-04-08,25,39.4,3.12
2021-04-08,27,40,3.06
2021-04-08,29,38.9,3.16
2021-04-08,31,39.1,3.14
2021-04-08,33,39.5,3.4
2021-04-08,35,39.3,3.1
2021-04-10,1,38.6,3.16
2021-04-10,3,38.2,3.16
2021-04-10,5,39.1,3.41
2021-04-10,7,38,3.05
2021-04-10,9,38.1,3.03
2021-04-10,11,38.3,3.07
2021-04-10,13,38.5,3.12
2021-04-10,15,38,3.1
2021-04-10,17,37.9,3.1
2021-04-13,1,37.4,3.26
2021-04-13,3,38.1,3.22
2021-04-13,5,38.6,3.06
2021-04-13,7,39.2,3.1
2021-04-13,9,39.7,3.07
2021-04-13,11,39.2,3.35
2021-04-13,13,39.4,3.09
2021-04-13,15,39.6,3.14
2021-04-13,17,39.6,3.04
2021-04-13,19,40.2,2.54
2021-04-13,21,39.8,3.02
2021-04-13,23,39.7,2.58
2021-04-13,25,40.8,3.2
2021-04-13,27,40.1,3.02
2021-04-13,29,40.2,2.54
2021-04-13,31,40.6,2.53
2021-04-13,33,41.3,2.51
2021-04-13,35,40.9,2.54
2021-04-13,37,40.8,2.58
2021-04-13,39,40.8,2.51
2021-04-13,41,40.8,3
2021-04-13,43,40.5,2.57
2021-04-14,1,40.6,2.55
2021-04-14,3,39.8,3.01
2021-04-14,5,39.6,3
2021-04-14,7,40,2.58
2021-04-14,9,39.7,3.04
2021-04-14,11,39.3,3.05
2021-04-14,13,38.9,3.11
2021-04-14,15,39.9,3.05
2021-04-14,17,39.4,3.05
2021-04-14,19,39.1,3.04
2021-04-14,21,39,3.13
2021-04-14,23,38.6,3.03
2021-04-14,25,39.5,2.56
2021-04-14,27,39.3,3.05
2021-04-14,29,39.4,3.03
2021-04-15,1,39.3,3.15
2021-04-15,3,39.2,3.15
2021-04-15,5,39.8,3.22
2021-04-15,7,40,3.35
2021-04-15,9,39.8,3.16
2021-04-15,11,40.1,3.08
2021-04-15,13,40.3,3.09
2021-04-15,15,40,3.1
2021-04-15,17,39.7,3.1
2021-04-15,19,39.2,3.16
2021-04-15,21,40.6,3.04
2021-04-15,23,40.3,3.08
2021-04-15,25,39.7,3.08
2021-04-15,27,39.7,3.05
2021-04-15,29,39.8,3.06
2021-04-15,31,39.4,3.11
2021-04-15,33,40,3.04
2021-04-15,35,40,3.16
2021-04-16,1,38.6,3.15
2021-04-16,3,39.2,3.32
2021-04-16,5,39.2,3.04
2021-04-16,7,39.4,3.04
2021-04-16,9,39.2,3.1
2021-04-16,11,39.4,3.02
2021-04-17,1,40.3,3.4
2021-04-17,3,39.7,3.26
2021-04-17,5,40.1,3.17
2021-04-17,7,39.6,3.18
2021-04-17,9,39.6,3.16
2021-04-17,11,39.9,3.13
2021-04-17,13,41.6,3.06
2021-04-17,15,40.2,3.12
2021-04-17,17,40.8,3.12
2021-04-17,19,41.4,3.12
2021-04-17,21,39,3.3
2021-04-17,23,39.2,3.14
2021-04-17,25,38.1,3.16
2021-04-17,27,37.9,3.22
2021-04-17,29,38.2,3.3
2021-04-17,31,38.4,3.15
2021-04-17,33,38.1,3.19
2021-04-17,35,38.6,3.17
2021-04-17,1,36.5,3.03
2021-04-20,3,35.3,3.24
2021-04-20,5,36,3.06
2021-04-20,7,36.4,3.04
2021-04-20,9,35.4,3.11
2021-04-20,11,36.3,3.03
2021-04-20,13,36.5,3.02
2021-04-20,15,36.3,3.06
2021-04-20,17,36.8,3.07
2021-04-20,19,37.2,3
2021-04-20,21,36.6,3.12
2021-04-20,23,36.6,3.05
2021-04-20,25,36.6,3.05
2021-04-20,27,37.1,3.15
2021-04-20,29,36.7,3.03
2021-04-20,31,36.6,3.01
2021-04-20,33,36.5,2.56
2021-04-20,35,37.2,2.58
2021-04-20,37,40,3.1
2021-04-20,39,39.4,3.06
2021-04-20,41,39.4,3.19
2021-04-20,43,38.4,3.01
2021-04-20,45,39.3,3.06
2021-04-20,47,38.8,3.11
2021-04-20,49,38.8,3.1
2021-04-20,51,39.8,3.04
2021-04-20,53,40.2,2.58
2021-04-20,55,39.9,3.34
2021-04-20,57,39.8,3.02
2021-04-20,59,39.5,3.01
2021-04-20,1,39.7,3.09
2021-04-21,3,39.6,3.03
2021-04-21,5,39.3,3.06
2021-04-21,7,39.3,3.03
2021-04-21,9,40.2,2.55
2021-04-21,11,41.2,2.42
2021-04-21,13,39.5,3.04
2021-04-21,15,39.4,2.58
2021-04-21,17,39.4,3.04
2021-04-21,19,39.5,3.06
2021-04-21,21,40,3.02
2021-04-21,23,32.8,6.36
2021-04-21,1,39.3,3.18
2021-04-22,3,38.7,3.22
2021-04-22,5,39.4,3.1
2021-04-22,7,39.2,3.08
2021-04-22,9,39,3.16
2021-04-22,11,38.6,3.14
2021-04-22,1,38.8,3.2
2021-04-23,3,39.4,3.23
2021-04-23,5,39.8,2.58
2021-04-23,7,39.3,3.13
2021-04-23,9,39.3,3.22
2021-04-23,11,39.4,3.15
2021-04-23,13,39.3,3.09
2021-04-23,15,39.1,3.13
2021-04-23,17,39.1,3.13
2021-04-23,19,38.8,3.05
2021-04-23,21,44.1,2.43
2021-04-23,23,42.1,2.46
2021-04-23,25,41.4,2.59
2021-04-23,27,42.2,2.52
2021-04-23,29,40.9,2.51
2021-04-23,31,43.8,2.48
2021-04-23,33,42.1,2.42
2021-04-23,35,41.6,2.47
2021-04-23,37,41.2,2.53
2021-04-23,39,41.5,2.47
2021-04-23,41,41.3,2.55
2021-04-23,43,40.8,2.51
2021-04-23,45,42,2.41
2021-04-23,47,42.7,3.06
2021-04-23,49,41.7,2.43
2021-04-23,51,43.2,2.28
2021-04-23,53,43.3,2.28
2021-04-23,55,41.9,2.5
2021-04-23,57,42.2,2.39
2021-04-23,59,41.6,2.46
2021-04-23,1,41.7,2.35
2021-04-27,3,40.6,2.42
2021-04-27,5,40.1,2.57
2021-04-27,7,40.9,2.46
2021-04-27,9,41.1,2.41
2021-04-27,11,41.2,2.4
2021-04-27,13,40.9,2.48
2021-04-27,15,40.7,2.46
2021-04-27,17,42.3,2.34
2021-04-27,19,42.3,2.34
2021-04-27,21,43,2.49
2021-04-27,23,43.3,2.37
2021-04-27,25,43.6,2.28
2021-04-27,27,43,2.37
2021-04-27,29,43.2,2.37
2021-04-27,31,42.6,2.41
2021-04-27,33,42.2,2.49
2021-04-27,35,42.5,2.35
2021-04-27,37,42.6,2.55
2021-04-27,39,40.6,3.06
2021-04-27,1,43.5,2.51
2021-04-28,3,40.8,3.09
2021-04-28,5,40.9,3.11
2021-04-28,7,40.7,3.02
2021-04-28,9,41.4,3.25
2021-04-28,11,42.2,2.45
2021-04-28,13,43.6,2.38
2021-05-05,1,39.0 ,3.15 
2021-05-05,3,38.7 ,3.18 
2021-05-05,5,39.0 ,3.15 
2021-05-05,7,38.6 ,3.13 
2021-05-05,9,39.1 ,3.05 
2021-05-05,11,39.2 ,3.18 
2021-05-05,13,38.6 ,3.12 
2021-05-05,15,38.7 ,3.10 
2021-05-05,17,39.2 ,3.34 
2021-05-05,19,40.2 ,2.57 
2021-05-05,21,40.8 ,2.53 
2021-05-05,23,38.6 ,3.06 
2021-05-05,25,37.9 ,3.17 
2021-05-05,27,37.8 ,3.13 
2021-05-05,29,38.3 ,3.26 
2021-05-05,31,38.6 ,3.04 
2021-05-05,33,37.9 ,3.13 
2021-05-05,35,37.6 ,3.10 
2021-05-05,37,37.7 ,3.10 
2021-05-05,39,37.2 ,3.13 
2021-05-05,41,37.5 ,3.22 
2021-05-05,43,39.3 ,3.11 
2021-05-05,45,37.7 ,3.08 
2021-05-05,47,39.1 ,2.59 
2021-05-05,49,38.7 ,3.01 
2021-05-05,51,37.9 ,3.07 
2021-05-05,53,38.3 ,3.09 
2021-05-05,55,38.8 ,3.05 
2021-05-05,57,38.6 ,2.59 
2021-05-05,60,39.2 ,3.07 
2021-05-08,1,41.8 ,3.09 
2021-05-08,5,40.1 ,3.05 
2021-05-08,11,40.1 ,2.55 
2021-05-08,15,41.1 ,2.48 
2021-05-08,21,42.3 ,2.48 
2021-05-08,25,39.1 ,3.45 
2021-05-12,25,42.1 ,3.05 
2021-05-12,27,42.3 ,3.10 
2021-05-12,29,41.6 ,3.07 
2021-05-12,31,41.5 ,3.03 
2021-05-12,33,41.7 ,3.01 
2021-05-12,35,41.9 ,2.59 
2021-05-14,1,41.8 ,3.12 
2021-05-14,3,42.2 ,2.57 
2021-05-14,5,41.6 ,3.08 
2021-05-14,7,42.4 ,2.58 
2021-05-14,9,41.8 ,3.06 
2021-05-14,11,41.8 ,2.59 
2021-05-14,13,42.4 ,2.48 
2021-05-14,15,42.8 ,2.46 
2021-05-14,17,42.5 ,2.50 
2021-05-14,19,41.0 ,3.06 
2021-05-14,21,40.4 ,3.13 
2021-05-14,23,41.6 ,3.06 
2021-05-14,25,41.2 ,2.58 
2021-05-14,27,42.0 ,2.43 
2021-05-14,29,41.6 ,2.52 
2021-05-14,31,42.2 ,2.34 
2021-05-14,33,40.9 ,2.42 
2021-05-14,35,42.3 ,2.47 
2021-05-14,37,40.8 ,2.58 
2021-05-14,39,40.2 ,3.07 
2021-05-14,41,41.0 ,3.08 
2021-05-18,1,40.3 ,3.31 
2021-05-18,3,40.6 ,3.08 
2021-05-18,5,40.8 ,3.03 
2021-05-18,7,40.8 ,2.56 
2021-05-18,9,40.6 ,2.56 
2021-05-18,11,42.2 ,2.47 
2021-05-18,13,41.6 ,2.53 
2021-05-18,15,41.0 ,2.58 
2021-05-18,17,41.2 ,2.54 
2021-05-18,19,41.8 ,2.46 
2021-05-18,21,40.6 ,3.04 
2021-05-18,23,40.0 ,3.02 
2021-05-18,25,40.6 ,3.02 
2021-05-18,27,41.0 ,2.54 
2021-05-18,29,40.5 ,3.00 
2021-05-18,31,40.8 ,2.55 
2021-05-18,33,41.1 ,2.56 
2021-05-18,35,41.6 ,2.53 
2021-05-19,1,41.5 ,3.06 
2021-05-19,3,39.8 ,3.11 
2021-05-19,5,39.7 ,3.13 
2021-05-19,7,39.9 ,3.08 
2021-05-19,9,39.6 ,3.14 
2021-05-19,11,38.8 ,3.12 
2021-05-19,13,38.8 ,3.15 
2021-05-19,15,40.4 ,2.59 
2021-05-19,17,40.2 ,2.59 
2021-05-19,19,40.2 ,3.02 
2021-05-19,21,41.7 ,3.15 
2021-05-19,23,40.4 ,2.55 
2021-05-19,25,40.6 ,3.15 
2021-05-19,27,41.0 ,3.02 
2021-05-19,29,41.1 ,3.21 
2021-05-19,31,40.7 ,3.00 
2021-05-19,33,40.0 ,3.02 
2021-05-19,35,40.7 ,2.59 
2021-05-19,37,40.7 ,3.04 
2021-05-19,39,40.9 ,2.52 
2021-05-19,41,40.6 ,3.02 
2021-05-19,43,40.4 ,2.54 
2021-05-19,45,39.8 ,3.10 
2021-05-19,47,40.8 ,2.52 
2021-05-20,1,40.6 ,3.01 
2021-05-20,3,40.2 ,3.04 
2021-05-20,5,40.2 ,3.04 
2021-05-20,7,40.4 ,3.00 
2021-05-20,9,41.1 ,2.51 
2021-05-20,11,40.2 ,3.11 
2021-05-20,13,41.1 ,3.20 
2021-05-20,15,40.6 ,3.15 
2021-05-20,17,40.9 ,3.18 
2021-05-20,19,41.6 ,3.05 
2021-05-20,21,40.8 ,3.00 
2021-05-20,23,41.4 ,2.59 
2021-05-21,1,39.60 ,3.17 
2021-05-21,3,40.0 ,3.01 
2021-05-21,5,40.2 ,3.00 
2021-05-21,7,41.0 ,2.59 
2021-05-21,9,40.9 ,2.59 
2021-05-21,11,41.1 ,2.49 
2021-05-21,13,40.4 ,2.54 
2021-05-21,15,41.7 ,2.45 
2021-05-21,17,41.3 ,2.52 
2021-05-21,19,41.2 ,2.49 
2021-05-21,21,40.0 ,3.03 
2021-05-21,23,39.9 ,3.09 
2021-05-21,25,40.3 ,2.57 
2021-05-21,27,39.9 ,3.01 
2021-05-21,29,40.1 ,3.00 
2021-05-21,31,41.2 ,2.56 
2021-05-21,33,41.5 ,2.45 
2021-05-21,35,41.7 ,2.41 
2021-05-21,37,40.6 ,2.53 
2021-05-21,39,40.6 ,3.01 
2021-05-25,1,39.9 ,3.27 
2021-05-25,3,40.2 ,3.09 
2021-05-25,5,39.8 ,3.03 
2021-05-25,7,40.2 ,3.01 
2021-05-25,9,41.1 ,2.56 
2021-05-25,11,40.4 ,2.59 
2021-05-25,13,40.6 ,3.12 
2021-05-25,15,40.8 ,3.10 
2021-05-25,17,41.1 ,2.50 
2021-05-25,19,41.0 ,2.50 
2021-05-25,21,40.8 ,3.02 
2021-05-25,23,41.4 ,3.06 
2021-05-25,25,41.2 ,3.19 
2021-05-25,27,41.0 ,2.54 
2021-05-25,29,40.4 ,2.55 
2021-05-25,31,40.3 ,3.05 
2021-05-25,33,41.8 ,3.19 
2021-05-25,35,41.0 ,2.53 
2021-05-25,37,40.4 ,2.53 
2021-05-25,39,40.4 ,2.50 
2021-05-25,41,41.5 ,2.43 
2021-05-26,1,38.7 ,3.08 
2021-05-26,3,38.9 ,3.09 
2021-05-26,5,39.3 ,3.03 
2021-05-26,7,39.3 ,3.19 
2021-05-26,9,40.1 ,2.57 
2021-05-26,11,39.8 ,3.01 
2021-05-26,13,39.7 ,2.54 
2021-05-26,15,40.2 ,2.49 
2021-05-26,17,41.2 ,2.42 
2021-05-26,19,40.2 ,2.54 
2021-05-26,21,43.4 ,2.55 
2021-05-26,23,41.6 ,3.03 
2021-05-26,25,42.6 ,2.55 
2021-05-26,27,43.0 ,2.52 
2021-05-26,29,42.9 ,3.04 
2021-05-26,31,43.1 ,2.49 
2021-05-26,33,43.0 ,2.50 
2021-05-26,35,43.1 ,2.48 
2021-05-26,37,43.0 ,2.40 
2021-05-26,39,42.4 ,3.01 
2021-05-26,41,42.8 ,2.58 
2021-05-27,1,41.1 ,3.14 
2021-05-27,3,41.9 ,3.05 
2021-05-27,5,42.9 ,2.54 
2021-05-27,7,41.7 ,2.52 
2021-05-27,9,41.8 ,2.53 
2021-05-27,11,43.5 ,2.48 
2021-05-27,13,42.2 ,2.49 
2021-05-27,15,44.4 ,3.06 
2021-05-27,17,44.7 ,2.53 
2021-05-27,19,43.3 ,2.51 
2021-05-27,21,43.8 ,2.54 
2021-05-27,23,44.4 ,2.52 
2021-05-27,25,44.2 ,2.53 
2021-05-27,27,43.6 ,2.55 
2021-05-27,29,42.6 ,2.54 
2021-05-27,31,43.2 ,2.51 
2021-05-27,33,43.6 ,2.46 
2021-05-27,35,43.7 ,2.48 
2021-05-27,37,43.3 ,2.46 
2021-05-27,39,42.6 ,2.46 
2021-05-27,41,41.9 ,2.57 
2021-05-27,43,41.8 ,2.53 
2021-05-27,45,42.0 ,2.59 
2021-05-27,47,42.7 ,2.50 
2021-05-27,49,42.6 ,2.52 
2021-05-27,51,42.0 ,2.47 
2021-05-27,53,42.4 ,2.50 
2021-05-27,55,42.0 ,2.51 
2021-05-27,57,42.3 ,2.52 
2021-05-27,59,43.1 ,3.13 
2021-05-28,1,40.5 ,3.06 
2021-05-28,3,41.7 ,2.56 
2021-05-28,5,40.8 ,2.58 
2021-05-28,7,40.8 ,2.58 
2021-05-28,9,41.6 ,2.46 
2021-05-28,11,43.8 ,2.56 
2021-05-28,13,42.8 ,2.49 
2021-05-28,15,41.2 ,2.59 
2021-05-28,17,40.4 ,2.56 
2021-05-28,19,40.4 ,3.01 
2021-05-28,21,41.3 ,3.02 
2021-05-28,23,40.2 ,3.10 
2021-06-02,1,42.5 ,3.03 
2021-06-02,3,42.6 ,2.50 
2021-06-02,5,42.0 ,2.59 
2021-06-02,7,41.2 ,3.04 
2021-06-02,9,42.2 ,2.52 
2021-06-02,11,43.6 ,2.53 
2021-06-02,13,43.4 ,2.54 
2021-06-02,15,43.1 ,2.58 
2021-06-02,17,41.9 ,3.05 
2021-06-02,19,42.1 ,3.03 
2021-06-02,21,42.1 ,3.06 
2021-06-02,23,42.0 ,2.56 
2021-06-02,25,42.4 ,3.05 
2021-06-02,27,43.0 ,2.46 
2021-06-02,29,44.1 ,2.36 
2021-06-02,31,41.8 ,3.08 
2021-06-02,33,42.4 ,2.56 
2021-06-02,35,42.4 ,2.56 
2021-06-02,37,42.8 ,2.52 
2021-06-02,39,42.6 ,2.55 
2021-06-02,41,43.3 ,3.24 
2021-06-03,1,43.5 ,2.57 
2021-06-03,3,44.5 ,3.02 
2021-06-03,5,42.9 ,2.55 
2021-06-03,7,43.2 ,3.03 
2021-06-03,9,43.1 ,3.00 
2021-06-03,11,44.0 ,2.59 
2021-06-03,13,44.6 ,2.52 
2021-06-03,15,43.6 ,2.54 
2021-06-03,17,44.6 ,2.43 
2021-06-03,19,43.5 ,3.00 
2021-06-03,21,44.0 ,3.04 
2021-06-03,23,43.1 ,3.00 
2021-06-03,25,43.3 ,2.57 
2021-06-03,27,43.2 ,2.58 
2021-06-03,29,43.2 ,3.02 
2021-06-08,1,42.5 ,2.54 
2021-06-08,3,41.3 ,3.08 
2021-06-08,5,41.4 ,3.05 
2021-06-08,7,42.4 ,2.57 
2021-06-08,9,42.4 ,2.59 
2021-06-08,11,42.2 ,2.58 
2021-06-08,13,42.8 ,3.29 
2021-06-08,15,42.4 ,3.00 
2021-06-08,17,43.3 ,2.53 
2021-06-08,19,41.6 ,3.02 
2021-06-08,21,42.9 ,3.04 
2021-06-08,23,41.5 ,3.04 
2021-06-15,1,43.3 ,2.52 
2021-06-15,3,43.1 ,3.00 
2021-06-15,5,41.7 ,3.00 
2021-06-15,7,41.1 ,2.54 
2021-06-15,9,40.5 ,2.54 
2021-06-15,11,41.1 ,2.50 
2021-06-15,13,41.1 ,2.51 
2021-06-15,15,39.5 ,3.05 
2021-06-15,17,39.9 ,3.08 
2021-06-15,19,40.7 ,2.55 
2021-06-15,21,39.7 ,3.08 
2021-06-15,23,41.5 ,2.54 
2021-06-15,25,42.0 ,2.52 
2021-06-15,27,40.5 ,2.57 
2021-06-15,29,41.8 ,2.53 
2021-06-15,31,41.1 ,2.50 
2021-06-15,33,40.2 ,2.53 
2021-06-15,35,40.3 ,2.55 
2021-06-15,37,41.1 ,2.48 
2021-06-15,39,41.8 ,2.46 
2021-06-15,41,40.7 ,3.03 
2021-06-15,43,40.9 ,2.52 
2021-06-15,45,41.3 ,2.48 
2021-06-15,47,40.7 ,2.50 
2021-06-16,1,40.4 ,3.08 
2021-06-16,3,40.9 ,3.02 
2021-06-16,5,41.8 ,2.52 
2021-06-16,7,42.0 ,2.55 
2021-06-16,9,41.4 ,2.54 
2021-06-16,11,40.2 ,2.51 
2021-06-16,13,40.4 ,2.46 
2021-06-16,15,39.6 ,3.00 
2021-06-16,17,39.8 ,3.11 
2021-06-16,19,40.1 ,3.17 
2021-06-16,21,40.4 ,2.57 
2021-06-16,23,40.4 ,2.52 
2021-06-16,25,40.0 ,2.54 
2021-06-16,27,40.0 ,3.32 
2021-06-16,29,39.5 ,3.05 
2021-06-16,31,40.0 ,3.01 
2021-06-16,33,39.7 ,3.03 
2021-06-16,35,39.8 ,3.00 
2021-06-16,37,41.4 ,3.04 
2021-06-16,39,39.6 ,2.56 
2021-06-23,1,42.8 ,2.47 
2021-06-23,3,39.6 ,3.08 
2021-06-23,5,39.1 ,3.03 
2021-06-23,7,39.2 ,2.59 
2021-06-23,9,38.6 ,2.53 
2021-06-23,11,40.1 ,2.48 
2021-06-23,13,40.3 ,2.52 
2021-06-23,15,40.8 ,2.47 
2021-06-23,17,39.5 ,3.00 
2021-06-23,19,39.3 ,3.08 
2021-06-23,21,40.2 ,3.33 
2021-06-23,23,39.6 ,3.02 
2021-06-23,25,39.5 ,3.01 
2021-06-23,27,40.4 ,2.49 
2021-06-23,29,40.1 ,3.00 
2021-06-23,31,39.9 ,2.59 
2021-06-23,33,39.9 ,3.09 
2021-06-23,35,39.8 ,3.06 
2021-06-24,1,38.8 ,3.31 
2021-06-24,3,39.2 ,3.13 
2021-06-24,5,39.3 ,3.03 
2021-06-24,7,39.2 ,3.07 
2021-06-24,9,39.1 ,3.01 
2021-06-24,11,39.0 ,3.01 
2021-06-24,13,39.4 ,3.21 
2021-06-24,15,39.8 ,3.02 
2021-06-24,17,39.5 ,3.01 
2021-06-24,19,39.4 ,3.04 
2021-06-24,21,39.5 ,3.22 
2021-06-24,23,39.0 ,2.56 
2021-06-24,25,39.0 ,3.01 
2021-06-24,27,38.8 ,3.02 
2021-06-24,29,38.5 ,3.05 
2021-06-29,1,42.1 ,2.59 
2021-06-29,3,41.1 ,3.05 
2021-06-29,5,43.0 ,2.55 
2021-06-29,7,41.2 ,2.54 
2021-06-30,1,40.2 ,3.12 
2021-06-30,3,39.8 ,3.11 
2021-06-30,5,40.6 ,3.04 
2021-06-30,7,43.6 ,3.11 
2021-06-30,9,40.9 ,3.09 
2021-06-30,11,39.9 ,3.18 
2021-06-30,13,40.4 ,3.10 
2021-06-30,15,40.6 ,3.07 
2021-06-30,17,40.6 ,3.06 
2021-06-30,19,40.2 ,3.09 
2021-06-30,21,40.8 ,3.21 
2021-06-30,23,40.2 ,3.09 
2021-06-30,25,40.6 ,3.43 
2021-06-30,27,40.6 ,3.10 
2021-06-30,29,41.8 ,3.10 
2021-06-30,31,41.3 ,3.34 
2021-06-30,33,40.3 ,3.12 
2021-06-30,35,40.5 ,3.13 
2021-06-30,37,40.5 ,3.12 
2021-06-30,39,41.4 ,3.38 
2021-07-02,1,41.3 ,2.54 
2021-07-02,3,40.7 ,2.57 
2021-07-02,5,40.9 ,2.53 
2021-07-02,7,40.8 ,2.52 
2021-07-02,9,40.5 ,2.59 
2021-07-02,11,40.7 ,2.54 
2021-07-02,13,40.3 ,2.54 
2021-07-02,15,39.9 ,2.57 
2021-07-02,17,40.5 ,3.10 
2021-07-02,19,40.6 ,3.04 
2021-07-02,21,40.9 ,3.19 
2021-07-02,23,40.3 ,2.58 
2021-07-03,1,40.5 ,3.00 
2021-07-03,3,39.5 ,3.01 
2021-07-03,5,39.5 ,3.04 
2021-07-03,7,40.2 ,2.56 
2021-07-03,9,39.8 ,2.57 
2021-07-03,11,39.6 ,2.55 
2021-07-03,13,39.7 ,2.57 
2021-07-03,15,39.3 ,2.54 
2021-07-03,17,38.9 ,3.02 
2021-07-03,19,39.3 ,3.00 
2021-07-03,21,39.8 ,3.13 
2021-07-03,23,39.2 ,3.33 
2021-07-04,25,39.1 ,3.30 
2021-07-04,27,39.0 ,3.00 
2021-07-04,29,39.5 ,2.56 
2021-07-04,31,39.4 ,3.09 
2021-07-04,33,39.0 ,3.05 
2021-07-04,35,38.9 ,3.03 
2021-07-06,1,41.8 ,2.51 
2021-07-06,3,40.8 ,3.04 
2021-07-06,5,40.6 ,2.59 
2021-07-06,7,40.3 ,3.07 
2021-07-06,9,41.3 ,3.03 
2021-07-06,11,40.1 ,3.02 
2021-07-06,13,40.4 ,3.19 
2021-07-06,15,41.1 ,3.10 
2021-07-06,17,40.9 ,3.04 
2021-07-07,1,40.2 ,3.08 
2021-07-07,3,39.9 ,3.09 
2021-07-07,5,41.0 ,3.38 
2021-07-07,7,41.1 ,3.07 
2021-07-07,9,41.2 ,3.03 
2021-07-07,11,40.8 ,3.14 
2021-07-07,13,40.7 ,3.02 
2021-07-07,15,39.9 ,3.12 
2021-07-07,17,39.7 ,3.14 
2021-07-07,19,39.6 ,3.19 
2021-07-07,21,39.9 ,3.29 
2021-07-07,23,40.5 ,3.31 
2021-07-07,25,40.2 ,3.10 
2021-07-07,27,39.7 ,3.12 
2021-07-07,29,40.0 ,3.12 
2021-07-07,31,39.5 ,3.15 
2021-07-07,33,39.7 ,3.12 
2021-07-07,35,39.3 ,3.14 
2021-07-07,37,40.0 ,3.20 
2021-07-07,39,40.1 ,3.09 
2021-07-07,41,40.2 ,3.04 
2021-07-07,43,40.1 ,3.10 
2021-07-07,45,40.8 ,2.58 
2021-07-07,47,40.0 ,3.07 
2021-07-07,49,41.5 ,3.31 
2021-07-07,51,41.0 ,3.25 
2021-07-07,53,41.6 ,3.04 
2021-07-07,55,41.0 ,3.15 
2021-07-07,57,40.9 ,3.13 
2021-07-08,1,39.6 ,3.20 
2021-07-08,3,39.9 ,3.03 
2021-07-08,5,39.0 ,3.08 
2021-07-08,7,39.9 ,3.00 
2021-07-08,9,42.3 ,3.02 
2021-07-08,11,40.6 ,2.55 
2021-07-11,1,39.2 ,3.07 
2021-07-11,3,38.2 ,3.05 
2021-07-11,5,38.2 ,3.05 
2021-07-11,7,40.9 ,2.42 
2021-07-11,9,37.2 ,3.21 
2021-07-11,11,38.5 ,3.03 
2021-07-11,13,38.4 ,3.01 
2021-07-11,15,40.4 ,2.34 
2021-07-11,17,38.0 ,3.04 
2021-07-12,1,37.1 ,3.27 
2021-07-12,3,37.5 ,3.09 
2021-07-12,5,37.3 ,3.13 
2021-07-12,7,38.0 ,3.10 
2021-07-12,9,39.6 ,3.39 
2021-07-12,11,39.8 ,3.11 
2021-07-12,13,39.7 ,3.27 
2021-07-12,15,39.0 ,3.13 
2021-07-12,17,38.3 ,3.14 
2021-07-12,19,37.9 ,3.14 
2021-07-12,21,38.0 ,3.14 
2021-07-12,23,38.6 ,2.59 
2021-07-12,25,38.4 ,3.15 
2021-07-12,27,38.4 ,3.17 
2021-07-12,29,38.1 ,3.14 
2021-07-12,31,38.1 ,3.14 
2021-07-12,33,40.4 ,3.07 
2021-07-12,35,38.6 ,3.08 
2021-07-12,37,39.6 ,2.55 
2021-07-12,39,39.0 ,3.05 
2021-07-12,41,39.2 ,3.18 
2021-07-12,43,40.5 ,3.20 
2021-07-12,45,41.1 ,3.15 
2021-07-12,47,39.9 ,3.07 
2021-07-12,49,40.2 ,3.09 
2021-07-12,51,40.0 ,3.03 
2021-07-12,53,40.1 ,3.03 
2021-07-13,1,39.6 ,2.57 
2021-07-13,3,38.8 ,3.10 
2021-07-13,5,39.6 ,3.23 
2021-07-13,7,39.3 ,3.19 
2021-07-13,9,39.5 ,3.01 
2021-07-13,11,39.4 ,2.57 
2021-07-13,13,39.3 ,3.06 
2021-07-13,15,39.2 ,3.04 
2021-07-13,17,39.6 ,2.57 
2021-07-13,19,39.2 ,3.04 
2021-07-13,21,39.0 ,3.17 
2021-07-13,23,40.1 ,3.41 
2021-07-13,25,40.2 ,2.53 
2021-07-13,27,39.5 ,3.08 
2021-07-13,29,41.2 ,3.31 
2021-07-13,31,40.2 ,3.10 
2021-07-13,33,40.6 ,2.58 
2021-07-13,35,40.5 ,2.55 
2021-07-13,37,39.7 ,3.01 
2021-07-13,39,39.8 ,3.04 
2021-07-13,41,40.1 ,3.08 
2021-07-14,1,41.7 ,2.56 
2021-07-14,3,41.0 ,2.57 
2021-07-14,5,40.9 ,2.34 
2021-07-14,7,39.9 ,3.16 
2021-07-14,9,39.5 ,3.14 
2021-07-14,11,39.8 ,3.01 
2021-07-14,13,40.1 ,2.58 
2021-07-14,15,40.4 ,2.56 
2021-07-14,17,40.0 ,2.58 
2021-07-14,19,39.8 ,3.15 
2021-07-14,23,40.0 ,3.08 
2021-07-14,25,40.0 ,3.03 
2021-07-14,27,40.1 ,3.01 
2021-07-14,29,39.4 ,3.09 
2021-07-17,1,40.4 ,3.10 
2021-07-17,3,39.4 ,3.01 
2021-07-17,5,40.3 ,2.53 
2021-07-17,7,40.4 ,2.57 
2021-07-17,9,40.2 ,3.02 
2021-07-17,11,40.4 ,2.59 
2021-07-17,13,40.7 ,3.01 
2021-07-17,15,41.0 ,2.58 
2021-07-17,17,40.7 ,3.04 
2021-07-17,19,41.1 ,3.27 
2021-07-17,21,41.2 ,3.01 
2021-07-17,23,41.3 ,3.07 
2021-07-17,25,40.4 ,3.13 
2021-07-17,27,41.3 ,3.21 
2021-07-17,29,41.3 ,2.49 
2021-07-17,31,41.4 ,3.03 
2021-07-17,33,40.6 ,2.54 
2021-07-17,35,41.3 ,2.59 
2021-07-17,37,41.5 ,2.49 
2021-07-17,39,41.1 ,2.48 
2021-07-17,41,41.1 ,3.24 
2021-07-17,43,40.8 ,3.00 
2021-07-17,45,40.3 ,3.10 
2021-07-17,47,41.4 ,2.46 
2021-07-20,1,40.5 ,2.52 
2021-07-20,3,42.6 ,3.04 
2021-07-20,5,40.8 ,3.18 
2021-07-20,7,41.1 ,2.50 
2021-07-20,9,40.5 ,2.53 
2021-07-20,11,40.0 ,3.03 
2021-07-20,13,40.1 ,3.04 
2021-07-20,15,40.0 ,3.02 
2021-07-20,17,40.4 ,2.52 
2021-07-20,19,39.4 ,3.07 
2021-07-20,21,40.1 ,3.34 
2021-07-20,23,39.7 ,3.08 
2021-07-20,25,39.7 ,3.17 
2021-07-20,27,40.3 ,3.17 
2021-07-20,29,40.3 ,2.54 
2021-07-20,31,40.6 ,2.50 
2021-07-21,1,43.3 ,2.36 
2021-07-21,3,42.4 ,2.52 
2021-07-21,5,42.0 ,3.00 
2021-07-21,7,42.1 ,2.55 
2021-07-21,9,42.4 ,3.03 
2021-07-21,11,42.0 ,3.38 
2021-07-21,13,42.5 ,3.21 
2021-07-21,15,42.0 ,3.24 
2021-07-21,17,41.8 ,3.06 
2021-07-23,1,41.5 ,2.39 
2021-07-23,3,39.3 ,3.10 
2021-07-23,5,39.6 ,3.09 
2021-07-23,7,39.9 ,3.02 
2021-07-23,9,41.0 ,2.56 
2021-07-23,11,40.3 ,3.02 
2021-07-23,13,40.3 ,2.59 
2021-07-23,15,40.2 ,3.15 
2021-07-23,17,40.2 ,3.25 
2021-07-23,19,40.2 ,3.01 
2021-07-23,21,40.3 ,2.41 
2021-07-23,23,40.4 ,2.58 
2021-07-23,25,40.0 ,2.59 
2021-07-23,27,40.1 ,3.00 
2021-07-27,1,41.6 ,2.58 
2021-07-27,3,40.4 ,3.02 
2021-07-27,5,41.1 ,2.51 
2021-07-27,7,40.9 ,3.31 
2021-07-27,9,41.6 ,2.56 
2021-07-27,11,41.2 ,3.04 
2021-07-27,13,41.4 ,3.40 
2021-07-27,15,41.2 ,3.02 
2021-07-27,17,40.8 ,3.04 
2021-07-27,19,41.1 ,3.01 
2021-07-27,21,41.0 ,3.01 
2021-07-27,23,40.8 ,3.02 
2021-07-28,1,40.1 ,2.58 
2021-07-28,3,38.7 ,3.05 
2021-07-28,5,40.0 ,3.08 
2021-07-28,7,39.5 ,3.04 
2021-07-28,9,39.7 ,3.06 
2021-07-28,11,39.5 ,3.02 
2021-07-28,13,39.9 ,3.01 
2021-07-28,15,39.5 ,3.01 
2021-07-28,17,39.1 ,3.08 
2021-07-28,19,39.4 ,2.57 
2021-07-28,21,42.6 ,2.36 
2021-07-28,23,42.0 ,2.56 
2021-07-28,25,42.2 ,2.57 
2021-07-28,27,42.7 ,2.49 
2021-07-28,29,41.2 ,3.18 
2021-07-28,31,40.0 ,3.07 
2021-07-28,33,40.1 ,3.02 
2021-07-28,35,40.8 ,2.59 
2021-07-28,37,41.0 ,2.59 
2021-07-28,39,40.9 ,3.02 
2021-07-28,41,40.3 ,3.10 
2021-07-28,43,41.1 ,3.01 
2021-07-28,45,41.0 ,3.04 
2021-08-06,1,40.6 ,2.52 
2021-08-06,3,41.0 ,2.52 
2021-08-06,5,41.4 ,2.48 
2021-08-06,7,42.6 ,2.43 
2021-08-06,9,41.6 ,2.51 
2021-08-06,11,42.2 ,2.52 
2021-08-06,13,42.8 ,2.46 
2021-08-06,15,42.6 ,2.43 
2021-08-06,17,42.1 ,2.42 
2021-08-06,19,41.9 ,3.13 
2021-08-06,21,41.3 ,3.00 
2021-08-06,23,41.6 ,3.10 
2021-08-06,25,41.6 ,3.21 
2021-08-06,27,41.6 ,2.51 
2021-08-06,29,41.9 ,2.44 
2021-08-06,31,40.6 ,2.57 
2021-08-06,33,41.8 ,2.44 
2021-08-06,35,41.4 ,2.58 
2021-08-06,37,41.9 ,2.53 
2021-08-06,39,42.6 ,3.03 
2021-08-06,41,42.6 ,3.21 
2021-08-06,43,42.4 ,2.47 
2021-08-06,45,42.4 ,2.49 
2021-08-06,47,42.4 ,2.44 
2021-08-06,49,42.6 ,2.43 
2021-08-06,51,42.9 ,2.40 
2021-08-06,53,42.4 ,2.49 
2021-08-06,55,42.1 ,2.54 
2021-08-06,57,42.4 ,2.48 
2021-08-06,59,42.6 ,2.44 
2021-08-07,1,43.0 ,2.43 
2021-08-07,3,41.2 ,2.51 
2021-08-07,5,42.5 ,2.57 
2021-08-07,7,41.8 ,2.49 
2021-08-07,9,41.8 ,2.44 
2021-08-07,11,42.4 ,2.47 
2021-08-07,13,41.7 ,2.47 
2021-08-07,15,41.6 ,2.51 
2021-08-07,17,41.9 ,2.59 
2021-08-07,19,43.2 ,2.38 
2021-08-07,21,42.3 ,2.55 
2021-08-07,23,41.9 ,2.52 
2021-08-07,25,41.6 ,2.49 
2021-08-07,27,41.5 ,2.52 
2021-08-10,1,40.1 ,3.09 
2021-08-10,3,40.5 ,3.19 
2021-08-10,5,40.1 ,2.58 
2021-08-10,7,40.5 ,2.54 
2021-08-10,9,40.7 ,2.56 
2021-08-10,11,40.3 ,2.58 
2021-08-10,13,40.6 ,2.49 
2021-08-10,15,41.1 ,2.51 
2021-08-10,17,40.9 ,2.54 
2021-08-10,19,43.1 ,2.46 
2021-08-10,21,40.4 ,3.11 
2021-08-10,23,40.5 ,3.00 
2021-08-10,25,39.9 ,3.05 
2021-08-10,27,39.7 ,3.10 
2021-08-10,29,40.1 ,2.57 
2021-08-10,31,40.2 ,3.10 
2021-08-10,33,40.9 ,3.02 
2021-08-10,35,40.8 ,3.06 
2021-08-11,1,39.8 ,3.12 
2021-08-11,3,40.2 ,3.06 
2021-08-11,5,40.4 ,3.19 
2021-08-11,7,40.6 ,3.31 
2021-08-11,9,40.3 ,3.03 
2021-08-11,11,41.0 ,2.43 
2021-08-11,13,40.4 ,3.38 
2021-08-11,15,40.8 ,3.39 
2021-08-11,17,40.8 ,3.00 
2021-08-11,19,41.0 ,2.58 
2021-08-11,21,41.9 ,2.39 
2021-08-11,23,40.3 ,3.10 
2021-08-11,25,40.1 ,3.02 
2021-08-11,27,41.6 ,2.56 
2021-08-12,1,40.8 ,2.58 
2021-08-12,3,41.1 ,2.58 
2021-08-12,5,40.8 ,2.59 
2021-08-12,7,40.4 ,2.56 
2021-08-12,9,40.8 ,2.55 
2021-08-12,11,40.9 ,2.54 
2021-08-12,13,41.8 ,3.24 
2021-08-12,15,41.8 ,3.03 
2021-08-12,17,42.7 ,2.46 
2021-08-17,1,41.4 ,2.57 
2021-08-17,3,40.9 ,2.54 
2021-08-17,5,41.1 ,2.47 
2021-08-17,7,41.8 ,2.48 
2021-08-17,9,41.7 ,2.45 
2021-08-17,11,41.7 ,2.45 
2021-08-17,13,42.1 ,2.49 
2021-08-17,15,42.3 ,2.41 
2021-08-17,17,41.2 ,2.50 
2021-08-17,19,43.1 ,2.46 
2021-08-17,21,43.7 ,3.06 
2021-08-17,23,44.5 ,2.34 
2021-08-17,25,45.0 ,2.47 
2021-08-17,27,44.8 ,2.34 
2021-08-17,29,44.6 ,3.01 
2021-08-17,31,43.5 ,2.48 
2021-08-17,33,44.4 ,2.39 
2021-08-17,35,44.8 ,2.38 
2021-08-17,37,44.1 ,2.36 
2021-08-17,39,42.6 ,2.47 
2021-08-19,1,42.8 ,2.45 
2021-08-19,3,42.2 ,2.43 
2021-08-19,5,42.8 ,2.38 
2021-08-19,7,42.0 ,2.41 
2021-08-19,9,42.0 ,2.53 
2021-08-19,11,43.1 ,3.12 
2021-08-20,1,43.3 ,2.46 
2021-08-20,3,42.5 ,2.41 
2021-08-20,5,42.5 ,2.46 
2021-08-20,7,42.4 ,2.48 
2021-08-20,9,41.4 ,2.56 
2021-08-20,11,41.8 ,2.45 
2021-08-20,13,42.3 ,2.51 
2021-08-20,15,42.1 ,2.49 
2021-08-20,17,42.2 ,3.08 
2021-08-20,19,42.2 ,2.43 
2021-08-20,21,41.7 ,2.55 
2021-08-20,23,41.0 ,2.53 
2021-08-20,25,41.4 ,2.53 
2021-08-20,27,40.6 ,3.03 
2021-08-20,29,41.9 ,2.47 
2021-08-20,31,41.7 ,2.51 
2021-08-20,33,43.0 ,2.42 
2021-08-20,35,42.7 ,2.48 
2021-08-22,1,40.9 ,2.43 
2021-08-22,3,41.4 ,2.51 
2021-08-22,5,39.6 ,2.55 
2021-08-22,7,39.7 ,2.58 
2021-08-22,9,39.8 ,2.53 
2021-08-22,11,41.6 ,2.48 
2021-08-22,13,39.6 ,2.48 
2021-08-22,15,40.4 ,2.43 
2021-08-22,17,40.6 ,2.43 
2021-08-22,19,40.1 ,2.46 
2021-08-22,21,40.6 ,3.00 
2021-08-22,23,39.7 ,2.59 
2021-08-22,25,39.6 ,3.05 
2021-08-22,27,39.7 ,2.56 
2021-08-22,29,43.0 ,3.03 
2021-08-22,31,40.0 ,2.51 
2021-08-22,33,39.8 ,2.54 
2021-08-22,35,41.6 ,2.44 
2021-08-22,37,41.1 ,2.47 
2021-08-22,39,40.6 ,2.50 
2021-08-24,1,41.8 ,2.58 
2021-08-24,3,40.8 ,3.02 
2021-08-24,5,41.1 ,3.06 
2021-08-24,7,41.3 ,2.55 
2021-08-24,9,41.6 ,3.20 
2021-08-24,11,41.6 ,3.00 
2021-08-24,13,42.2 ,2.56 
2021-08-24,15,43.1 ,2.50 
2021-08-24,17,42.9 ,2.50 
2021-08-24,19,42.7 ,2.50 
2021-08-24,21,41.5 ,3.19 
2021-08-24,23,40.9 ,3.06 
2021-08-24,25,41.2 ,3.04 
2021-08-24,27,41.9 ,2.55 
2021-08-24,29,42.3 ,2.51 
2021-08-24,31,41.3 ,2.47 
2021-08-24,33,41.7 ,2.58 
2021-08-24,35,42.1 ,2.50 
2021-08-25,1,41.0 ,2.44 
2021-08-25,3,42.2 ,2.35 
2021-08-25,5,40.0 ,2.54 
2021-08-25,7,40.2 ,2.50 
2021-08-25,9,41.2 ,2.45 
2021-08-25,11,41.5 ,2.46 
2021-08-25,13,40.8 ,2.54 
2021-08-25,15,40.3 ,2.55 
2021-08-25,17,40.2 ,2.53 
2021-08-25,19,40.6 ,2.44 
2021-08-25,21,40.5 ,3.03 
2021-08-25,23,40.9 ,3.03 
2021-08-25,25,41.3 ,2.48 
2021-08-25,27,40.5 ,2.47 
2021-08-25,29,40.8 ,2.47 
2021-08-26,1,43.8 ,2.39 
2021-08-26,3,42.9 ,3.18 
2021-08-26,5,40.6 ,2.55 
2021-08-26,7,40.9 ,2.36 
2021-08-26,9,39.8 ,2.51 
2021-08-26,11,40.8 ,2.45 
2021-08-26,13,39.9 ,2.52 
2021-08-26,15,39.9 ,2.50 
2021-08-26,17,39.3 ,3.01 
2021-08-26,19,40.2 ,2.55 
2021-08-26,21,40.2 ,3.23 
2021-08-26,23,41.1 ,2.47 
2021-08-27,1,40.0 ,3.07 
2021-08-27,3,40.3 ,3.01 
2021-08-27,5,40.3 ,2.59 
2021-08-27,7,39.8 ,3.07 
2021-08-27,9,40.8 ,3.32 
2021-08-27,11,41.2 ,3.01 
2021-08-27,13,40.6 ,2.57 
2021-08-27,15,40.3 ,3.04 
2021-08-27,17,40.4 ,3.00 
2021-08-27,19,40.0 ,3.00 
2021-08-27,21,40.6 ,2.58 
2021-08-27,23,40.2 ,3.01 
2021-08-27,25,39.8 ,3.02 
2021-08-27,27,39.6 ,3.04 
2021-08-27,29,40.5 ,2.58 
2021-08-27,31,41.2 ,2.44 
2021-08-27,33,40.1 ,2.52 
2021-08-27,35,39.0 ,3.09 
2021-08-27,37,39.4 ,3.04 
2021-08-27,39,39.3 ,3.09 
2021-08-27,41,39.4 ,3.12 
2021-08-27,43,39.2 ,3.06 
2021-08-27,45,39.2 ,3.09 
2021-08-27,47,39.4 ,3.06 
2021-09-01,1,41.2 ,2.59 
2021-09-01,3,41.4 ,3.01 
2021-09-01,5,42.0 ,3.02 
2021-09-01,7,43.2 ,2.49 
2021-09-01,9,42.6 ,2.56 
2021-09-01,11,42.5 ,2.56 
2021-09-01,13,42.6 ,2.57 
2021-09-01,15,43.0 ,2.54 
2021-09-01,17,43.4 ,3.01 
2021-09-01,19,43.2 ,2.46 
2021-09-01,21,42.8 ,3.01 
2021-09-01,23,42.8 ,2.47 
2021-09-01,25,43.0 ,2.42 
2021-09-01,27,42.6 ,2.55 
2021-09-01,29,42.6 ,2.46 
2021-09-01,31,43.4 ,3.29 
2021-09-01,33,43.1 ,3.01 
2021-09-01,35,43.2 ,2.59 
2021-09-01,37,42.7 ,3.04 
2021-09-01,39,43.6 ,2.49 
2021-09-01,41,45.1 ,2.42 
2021-09-01,43,45.3 ,2.42 
2021-09-01,45,43.3 ,2.59 
2021-09-01,47,43.5 ,2.53 
2021-09-01,49,43.0 ,2.57 
2021-09-01,51,43.4 ,3.22 
2021-09-01,53,42.8 ,2.58 
2021-09-01,55,42.0 ,3.08 
2021-09-01,57,42.1 ,3.04 
2021-09-01,59,43.0 ,2.52 
2021-09-04,1,39.4 ,3.15 
2021-09-04,3,39.2 ,3.07 
2021-09-04,5,39.7 ,2.58 
2021-09-04,7,40.1 ,3.04 
2021-09-04,9,40.4 ,3.03 
2021-09-04,11,40.6 ,3.01 
2021-09-04,13,40.3 ,2.58 
2021-09-04,15,40.1 ,2.59 
2021-09-04,17,39.5 ,3.01 
2021-09-04,19,39.6 ,3.01 
2021-09-04,21,41.2 ,2.56 
2021-09-04,23,41.3 ,2.52 
2021-09-04,25,41.4 ,2.55 
2021-09-04,27,41.7 ,2.57 
2021-09-04,29,42.1 ,2.57 
2021-09-04,31,42.1 ,2.55 
2021-09-04,33,41.4 ,3.01 
2021-09-04,35,41.7 ,2.58 
2021-09-04,37,42.1 ,2.54 
2021-09-04,39,42.5 ,2.51 
2021-09-04,41,41.4 ,3.11 
2021-09-04,43,41.7 ,3.06 
2021-09-04,45,41.7 ,3.13 
2021-09-04,47,41.7 ,2.54 
2021-09-04,49,41.5 ,2.58 
2021-09-04,51,42.1 ,2.56 
2021-09-04,53,41.2 ,3.01 
2021-09-08,1,40.8 ,3.16 
2021-09-08,3,40.9 ,3.11 
2021-09-08,5,40.9 ,3.11 
2021-09-08,7,41.2 ,3.08 
2021-09-08,9,41.2 ,3.05 
2021-09-08,11,41.4 ,3.04 
2021-09-08,13,40.9 ,3.05 
2021-09-08,15,41.8 ,3.02 
2021-09-08,17,41.8 ,3.03 
2021-09-10,1,41.4 ,3.04 
2021-09-10,3,40.8 ,3.12 
2021-09-10,5,41.2 ,3.04 
2021-09-10,7,41.0 ,3.10 
2021-09-10,9,40.0 ,3.03 
2021-09-10,11,39.7 ,3.10 
2021-09-10,13,40.1 ,3.27 
2021-09-10,15,39.6 ,3.13 
2021-09-10,17,39.5 ,3.18 
2021-09-10,19,40.1 ,3.20 
2021-09-10,21,39.8 ,3.20 
2021-09-10,23,40.0 ,3.34 
2021-09-10,25,40.1 ,3.14 
2021-09-10,27,40.3 ,3.31 
2021-09-10,29,40.3 ,3.02 
2021-09-10,31,39.9 ,3.15 
2021-09-10,33,40.5 ,3.05 
2021-09-10,35,40.8 ,3.08 
2021-09-10,37,41.6 ,3.15 
2021-09-10,39,40.7 ,3.11 
2021-09-14,1,40.4 ,3.06 
2021-09-14,3,38.3 ,3.17 
2021-09-14,5,39.7 ,3.09 
2021-09-14,7,40.5 ,3.40 
2021-09-14,9,40.5 ,3.09 
2021-09-14,11,39.9 ,3.03 
2021-09-14,13,39.9 ,3.13 
2021-09-14,15,39.9 ,3.17 
2021-09-14,17,39.6 ,3.14 
2021-09-14,19,39.9 ,3.04 
2021-09-14,21,40.3 ,3.11 
2021-09-14,23,40.3 ,3.11 
2021-09-14,25,40.5 ,3.31 
2021-09-14,27,39.8 ,3.08 
2021-09-14,29,39.7 ,3.26 
2021-09-14,31,39.4 ,3.08 
2021-09-14,33,40.3 ,3.06 
2021-09-14,35,40.2 ,3.06 
2021-09-14,37,40.1 ,3.01 
2021-09-14,39,40.3 ,3.01 
2021-09-14,41,39.5 ,3.09 
2021-09-14,43,39.4 ,3.01 
2021-09-14,45,38.9 ,3.05 
2021-09-15,1,38.6 ,3.13 
2021-09-15,3,38.6 ,3.11 
2021-09-15,5,39.7 ,3.15 
2021-09-15,7,40.2 ,3.11 
2021-09-15,9,39.9 ,3.01 
2021-09-15,11,39.4 ,3.12 
2021-09-15,13,39.5 ,3.11 
2021-09-15,15,40.1 ,3.11 
2021-09-15,17,41.7 ,3.31 
2021-09-15,19,41.0 ,3.13 
2021-09-15,21,39.9 ,3.26 
2021-09-15,23,40.1 ,3.07 
2021-09-15,25,40.1 ,3.10 
2021-09-15,27,40.2 ,3.06 
2021-09-15,29,40.2 ,3.09 
2021-09-21,1,40.6 ,3.35 
2021-09-21,3,40.0 ,3.13 
2021-09-21,5,40.5 ,3.35 
2021-09-21,7,40.9 ,3.37 
2021-09-21,9,40.6 ,3.11 
2021-09-21,11,40.9 ,3.06 
2021-09-21,13,40.6 ,3.00 
2021-09-21,15,40.5 ,3.22 
2021-09-21,17,39.5 ,3.25 
2021-09-23,1,40.2 ,3.08 
2021-09-23,3,40.0 ,3.10 
2021-09-23,5,39.5 ,3.08 
2021-09-25,1,41.8 ,3.03 
2021-09-25,3,41.0 ,3.12 
2021-09-25,5,41.0 ,3.11 
2021-09-25,7,41.1 ,3.10 
2021-09-25,9,40.8 ,3.08 
2021-09-25,11,41.4 ,3.06 
2021-09-25,13,40.7 ,3.16 
2021-09-25,15,40.8 ,3.06 
2021-09-25,17,40.6 ,3.03 
2021-09-25,19,41.3 ,2.53 
2021-09-25,21,42.1 ,3.00 
2021-09-25,23,40.9 ,3.10 
2021-09-25,25,40.7 ,3.07 
2021-09-25,27,40.1 ,3.07 
2021-09-25,29,40.2 ,3.08 
2021-09-25,31,40.5 ,3.09 
2021-09-25,33,41.0 ,3.04 
2021-10-04,1,39.5 ,3.06 
2021-10-04,3,39.5 ,3.13 
2021-10-04,5,39.6 ,3.12 
2021-10-04,7,39.3 ,3.07 
2021-10-04,9,39.7 ,3.37 
2021-10-04,11,39.9 ,3.07 
2021-10-04,13,40.1 ,3.05 
2021-10-04,15,40.1 ,3.14 
2021-10-04,17,40.1 ,3.07 
2021-10-04,19,38.3 ,3.24 
2021-10-04,21,40.2 ,3.11 
2021-10-04,23,40.8 ,3.08 
2021-10-04,25,40.4 ,3.10 
2021-10-04,27,40.6 ,3.11 
2021-10-04,29,40.8 ,3.10 
2021-10-04,31,40.8 ,3.12 
2021-10-04,33,40.6 ,3.16 
2021-10-04,35,41.8 ,3.23 
2021-10-04,37,41.8 ,3.03 
2021-10-04,39,42.1 ,3.46 
2021-10-04,41,40.8 ,3.18 
2021-10-04,43,40.7 ,3.16 
2021-10-04,45,40.6 ,3.08 
2021-10-04,47,41.1 ,3.09 
2021-10-05,1,40.8 ,3.08 
2021-10-05,3,40.6 ,3.07 
2021-10-05,5,40.7 ,3.06 
2021-10-05,7,41.0 ,2.55 
2021-10-05,9,40.5 ,3.08 
2021-10-05,11,41.2 ,3.08 
2021-10-05,13,40.4 ,3.11 
2021-10-05,15,41.0 ,3.01 
2021-10-05,17,39.7 ,3.13 
2021-10-05,19,40.2 ,3.17 
2021-10-06,1,40.5 ,3.15 
2021-10-06,3,39.9 ,3.20 
2021-10-06,5,39.7 ,3.11 
2021-10-06,7,40.0 ,3.14 
2021-10-06,9,40.2 ,3.11 
2021-10-06,11,40.7 ,3.01 
2021-10-06,13,40.6 ,3.05 
2021-10-06,15,40.9 ,3.11 
2021-10-06,17,41.1 ,3.03 
2021-10-06,19,40.5 ,3.13 
2021-10-06,21,39.9 ,3.19 
2021-10-06,23,40.7 ,3.02 
2021-10-06,25,40.2 ,3.01 
2021-10-06,27,40.1 ,2.59 
2021-10-06,29,39.7 ,3.09 
2021-10-06,31,40.3 ,3.11 
2021-10-06,33,40.3 ,3.07 
2021-10-06,35,40.3 ,3.03 
2021-10-06,37,40.0 ,3.11 
2021-10-06,39,40.3 ,3.06 
2021-10-08,1,40.8 ,3.21 
2021-10-08,3,39.8 ,3.22 
2021-10-08,5,39.7 ,3.22 
2021-10-08,7,39.7 ,3.23 
2021-10-08,9,40.3 ,3.23 
2021-10-08,11,40.3 ,3.16 
2021-10-08,13,40.2 ,3.09 
2021-10-08,15,40.7 ,3.06 
2021-10-08,17,39.7 ,3.10 
2021-10-08,19,39.5 ,3.10 
2021-10-08,21,39.8 ,3.23 
2021-10-08,23,39.4 ,3.13 
2021-10-08,25,39.8 ,3.19 
2021-10-08,27,39.8 ,3.15 
2021-10-08,29,39.4 ,3.12 
2021-10-08,31,39.5 ,3.14 
2021-10-08,33,39.3 ,3.14 
2021-10-08,35,39.5 ,3.06 
2021-10-08,37,39.0 ,3.17 
2021-10-08,39,39.5 ,3.10 
2021-10-08,41,39.6 ,3.12 
2021-10-08,43,39.0 ,3.11 
2021-10-08,45,39.2 ,3.08 
2021-10-09,1,40.4 ,3.12 
2021-10-09,3,39.4 ,3.16 
2021-10-09,5,39.7 ,3.31 
2021-10-09,7,40.0 ,3.11 
2021-10-09,9,39.3 ,3.13 
2021-10-09,11,40.0 ,3.11 
2021-10-09,13,40.4 ,3.03 
2021-10-09,15,40.4 ,3.15 
2021-10-09,17,40.3 ,3.04 
2021-10-09,19,41.2 ,3.25 
2021-10-09,21,40.8 ,3.07 
2021-10-09,23,41.2 ,3.06 
2021-10-12,1,40.9 ,3.28 
2021-10-12,3,40.4 ,3.01 
2021-10-12,5,39.9 ,3.07 
2021-10-12,7,39.9 ,3.05 
2021-10-12,9,40.0 ,3.07 
2021-10-12,11,40.0 ,3.05 
2021-10-12,13,39.5 ,3.08 
2021-10-12,15,40.1 ,3.07 
2021-10-12,17,41.3 ,2.57 
2021-10-12,19,40.2 ,3.06 
2021-10-12,21,41.5 ,3.06 
2021-10-12,23,40.4 ,3.06 
2021-10-13,1,39.9 ,3.12 
2021-10-13,3,39.8 ,3.12 
2021-10-13,5,39.8 ,3.04 
2021-10-13,7,39.7 ,3.04 
2021-10-13,9,39.2 ,3.05 
2021-10-13,11,40.0 ,3.42 
2021-10-13,13,40.4 ,3.08 
2021-10-13,15,40.4 ,3.05 
2021-10-13,17,40.6 ,2.58 
2021-10-14,1,39.3 ,3.07 
2021-10-14,3,39.3 ,3.08 
2021-10-14,5,38.9 ,3.09 
2021-10-14,7,39.1 ,3.15 
2021-10-14,9,39.0 ,3.06 
2021-10-14,11,39.4 ,3.11 
2021-10-14,13,39.5 ,3.07 
2021-10-14,15,40.2 ,3.01 
2021-10-14,17,39.6 ,3.05 
2021-10-14,19,39.5 ,3.15 
2021-10-14,21,39.5 ,3.21 
2021-10-14,23,39.8 ,3.03 
2021-10-15,1,40.0 ,3.26 
2021-10-15,3,40.5 ,3.05 
2021-10-17,1,39.4 ,3.15 
2021-10-17,3,38.4 ,3.26 
2021-10-17,5,39.2 ,3.30 
2021-10-17,7,39.0 ,3.19 
2021-10-17,9,39.5 ,3.27 
2021-10-17,11,40.1 ,3.05 
2021-10-17,13,39.8 ,3.08 
2021-10-17,15,39.6 ,3.12 
2021-10-17,17,40.1 ,3.41 
2021-10-17,19,40.2 ,3.06 
2021-10-17,21,40.2 ,3.12 
2021-10-17,23,39.4 ,3.15 
2021-10-17,25,39.7 ,3.00 
2021-10-17,27,39.7 ,3.16 
2021-10-17,29,39.6 ,3.10 
2021-10-17,31,40.0 ,3.10 
2021-10-17,33,39.9 ,3.09 
2021-10-17,35,39.9 ,3.08 
2021-10-17,37,39.8 ,3.10 
2021-10-17,39,39.2 ,3.16 
2021-10-17,41,39.5 ,3.20 
2021-10-17,43,40.2 ,3.07 
2021-10-17,45,39.8 ,3.16 
2021-10-17,47,40.2 ,3.09 
2021-10-17,49,39.2 ,3.06 
2021-10-17,51,39.6 ,3.07 
2021-10-17,53,39.9 ,3.04 
2021-10-19,1,38.7 ,3.29 
2021-10-19,3,38.5 ,3.23 
2021-10-19,5,38.5 ,3.24 
2021-10-19,7,38.8 ,3.23 
2021-10-19,9,39.1 ,3.12 
2021-10-19,11,39.1 ,3.13 
2021-10-19,13,38.9 ,3.17 
2021-10-19,15,39.5 ,3.21 
2021-10-19,17,38.4 ,3.13 
2021-10-19,19,39.5 ,3.51 
2021-10-19,21,39.9 ,3.12 
2021-10-19,23,39.8 ,3.07 
2021-10-19,25,39.5 ,3.20 
2021-10-19,27,38.8 ,3.12 
2021-10-19,29,39.4 ,3.04 
2021-10-19,31,39.4 ,3.10 
2021-10-19,33,39.3 ,3.09 
2021-10-19,35,40.0 ,3.09 
2021-10-19,37,40.9 ,3.00 
2021-10-19,39,40.9 ,3.04 
2021-10-19,41,40.3 ,3.13 
2021-10-19,43,40.4 ,2.58 
2021-10-19,45,39.1 ,3.19 
2021-10-19,47,39.1 ,3.10 
2021-10-19,49,38.7 ,3.11 
2021-10-19,51,39.9 ,3.08 
2021-10-19,53,39.4 ,3.27 
2021-10-19,55,39.5 ,3.10 
2021-10-19,57,39.4 ,3.07 
2021-10-20,1,38.5 ,3.04 
2021-10-20,3,39.0 ,3.07 
2021-10-20,5,38.8 ,3.06 
2021-10-21,1,41.0 ,3.00 
2021-10-21,3,39.7 ,3.05 
2021-10-21,5,41.1 ,3.03 
2021-10-21,7,41.5 ,3.04 
2021-10-21,9,40.8 ,3.07 
2021-10-21,11,41.3 ,3.08 
2021-10-21,13,41.3 ,3.05 
2021-10-21,15,41.5 ,2.56 
2021-10-21,17,41.2 ,3.22 
2021-10-21,19,41.3 ,3.02 
2021-10-21,21,41.1 ,3.05 
2021-10-21,23,41.3 ,2.54 
2021-10-21,25,40.9 ,3.05 
2021-10-21,27,40.7 ,3.03 
2021-10-21,29,41.1 ,3.07 
2021-10-21,31,41.3 ,3.02 
2021-10-21,33,41.3 ,2.56 
2021-10-21,35,41.0 ,3.02 
2021-10-21,37,40.9 ,3.09 
2021-10-21,39,40.3 ,3.04 
2021-10-21,41,38.5 ,3.17 
2021-10-21,43,39.6 ,3.07 
2021-10-21,45,40.5 ,3.01 
2021-10-21,47,40.3 ,3.08 
2021-10-21,49,41.4 ,2.56 
2021-10-21,51,41.4 ,2.54 
2021-10-22,1,41.3 ,3.13 
2021-10-22,3,41.0 ,2.54 
2021-10-22,5,39.8 ,3.05 
2021-10-22,7,40.4 ,3.06 
2021-10-22,9,41.2 ,3.06 
2021-10-22,11,41.2 ,2.59 
2021-10-22,13,41.1 ,3.02 
2021-10-22,15,41.0 ,3.10 
2021-10-22,17,40.7 ,3.05 
2021-10-22,19,40.7 ,2.59 
2021-10-22,21,41.0 ,3.07 
2021-10-22,23,41.3 ,3.04 
2021-10-22,25,41.3 ,3.00 
2021-10-22,27,41.2 ,3.19 
2021-10-22,29,41.2 ,2.58 
2021-10-22,31,40.9 ,2.55 
2021-10-22,33,41.3 ,3.28 
2021-10-22,35,41.1 ,3.00 
2021-10-22,37,41.8 ,2.59 
2021-10-22,39,40.9 ,2.58 
2021-10-22,41,40.4 ,3.06 
2021-10-22,43,39.8 ,3.11 
2021-10-22,45,40.9 ,3.25 
2021-10-22,47,40.7 ,3.05 
2021-10-22,49,40.1 ,3.09 
2021-10-22,51,40.2 ,3.14 
2021-10-22,53,40.3 ,3.06 
2021-10-23,1,39.7 ,3.22 
2021-10-23,3,39.9 ,3.24 
2021-10-23,5,40.4 ,3.19 
2021-10-23,7,40.3 ,3.17 
2021-10-23,9,39.9 ,3.13 
2021-10-23,11,41.1 ,3.08 
2021-10-23,13,39.7 ,3.18 
2021-10-23,15,39.4 ,3.21 
2021-10-23,17,39.6 ,3.39 
2021-10-26,1,39.6 ,3.17 
2021-10-26,3,40.9 ,3.17 
2021-10-26,5,40.8 ,3.21 
2021-10-26,7,40.3 ,3.24 
2021-10-26,9,40.5 ,3.15 
2021-10-26,11,40.7 ,3.14 
2021-10-26,13,40.3 ,3.11 
2021-10-26,15,40.7 ,3.14 
2021-10-26,17,41.2 ,3.12 
2021-10-26,19,43.1 ,3.05 
2021-10-26,21,41.1 ,3.13 
2021-10-26,23,41.4 ,3.20 
2021-10-26,25,42.1 ,3.07 
2021-10-26,27,41.7 ,3.06 
2021-10-26,29,41.4 ,3.07 
2021-10-27,1,40.3 ,3.19 
2021-10-27,3,39.9 ,3.10 
2021-10-27,5,40.3 ,3.14 
2021-10-27,7,40.0 ,3.16 
2021-10-27,9,40.6 ,3.14 
2021-10-27,11,40.0 ,3.13 
2021-10-27,13,40.1 ,3.12 
2021-10-27,15,40.5 ,3.07 
2021-10-27,17,40.0 ,3.17 
2021-10-27,19,40.1 ,3.18 
2021-10-27,21,40.8 ,3.16 
2021-10-27,23,40.8 ,3.09 
2021-10-27,25,41.6 ,2.50 
2021-10-27,27,40.8 ,3.09 
2021-10-27,29,40.6 ,3.15 
2021-10-27,31,41.2 ,3.11 
2021-10-27,33,41.2 ,3.31 
2021-10-28,1,40.5 ,3.28 
2021-10-28,3,40.8 ,3.33 
2021-10-28,5,41.3 ,3.34 
2021-10-28,7,41.6 ,3.21 
2021-10-28,9,42.1 ,3.22 
2021-10-28,11,42.2 ,3.13 
2021-10-28,13,41.3 ,3.20 
2021-10-28,15,41.0 ,3.24 
2021-10-28,17,41.2 ,3.23 
2021-10-28,19,41.6 ,3.23 
2021-10-28,21,41.5 ,3.28 
2021-10-28,23,41.6 ,3.19 
2021-10-28,25,40.8 ,3.21 
2021-10-28,27,41.0 ,3.35 
2021-10-28,29,40.8 ,3.31 
2021-10-28,31,40.4 ,3.20 
2021-10-28,33,40.8 ,3.41 
2021-10-28,35,40.6 ,3.22 
2021-10-28,37,40.2 ,3.25 
2021-10-28,39,40.6 ,3.13 
2021-10-28,41,41.0 ,3.16 
2021-10-28,43,41.2 ,3.18 
2021-10-28,45,41.4 ,3.24 
2021-10-28,47,41.2 ,3.11 
2021-10-29,1,39.7 ,3.21 
2021-10-29,3,39.3 ,3.32 
2021-10-29,5,39.8 ,3.28 
2021-10-29,7,40.2 ,3.21 
2021-10-29,9,39.9 ,3.19 
2021-10-29,11,39.8 ,3.16 
2021-10-29,13,40.2 ,3.15 
2021-10-29,15,39.8 ,3.17 
2021-10-29,17,40.2 ,3.15 
2021-10-29,19,40.4 ,3.13 
2021-10-29,21,40.5 ,3.10 
2021-10-29,23,40.2 ,3.17 
2021-10-31,1,38.6 ,3.22 
2021-10-31,3,38.5 ,3.27 
2021-10-31,5,38.8 ,3.21 
2021-10-31,7,39.1 ,3.21 
2021-10-31,9,39.3 ,3.15 
2021-10-31,11,39.8 ,3.09 
2021-10-31,13,39.8 ,3.05 
2021-10-31,15,39.7 ,3.08 
2021-10-31,17,39.9 ,3.02 
2021-10-31,19,41.3 ,3.13 
2021-10-31,21,40.5 ,2.57 
2021-10-31,23,39.5 ,3.15 
2021-11-02,1,40.4 ,3.18 
2021-11-02,3,40.6 ,3.24 
2021-11-02,5,40.3 ,3.26 
2021-11-02,7,45.1 ,3.19 
2021-11-02,9,40.4 ,3.08 
2021-11-02,11,41.6 ,3.07 
2021-11-02,13,41.1 ,3.28 
2021-11-02,15,40.2 ,3.16 
2021-11-02,17,40.2 ,3.08 
2021-11-02,19,40.6 ,3.34 
2021-11-02,21,41.2 ,3.10 
2021-11-02,23,41.2 ,3.18 
2021-11-02,25,41.4 ,3.12 
2021-11-02,27,41.1 ,3.18 
2021-11-02,29,41.2 ,3.09 
2021-11-02,31,41.0 ,3.03 
2021-11-02,33,40.9 ,3.09 
2021-11-02,35,40.9 ,3.06 
2021-11-03,1,40.2 ,3.25 
2021-11-03,3,40.3 ,3.14 
2021-11-03,5,39.1 ,3.32 
2021-11-03,7,39.3 ,3.20 
2021-11-03,9,40.3 ,3.11 
2021-11-03,11,40.6 ,3.10 
2021-11-03,13,40.8 ,3.18 
2021-11-03,15,40.1 ,3.12 
2021-11-03,17,40.0 ,3.04 
2021-11-03,19,40.3 ,3.10 
2021-11-03,21,40.0 ,3.32 
2021-11-03,23,39.8 ,3.24 
2021-11-03,25,39.8 ,3.23 
2021-11-03,27,39.8 ,3.32 
2021-11-03,29,40.2 ,3.21 
2021-11-03,31,40.0 ,3.22 
2021-11-03,33,40.0 ,3.21 
2021-11-03,35,40.0 ,3.48 
2021-11-03,37,39.8 ,3.19 
2021-11-03,39,39.6 ,3.18 
2021-11-04,1,38.2 ,2.58 
2021-11-04,3,37.4 ,3.10 
2021-11-04,5,37.8 ,3.15 
2021-11-04,7,37.9 ,3.26 
2021-11-06,1,38.5 ,2.53 
2021-11-06,3,38.5 ,3.02 
2021-11-06,5,38.7 ,3.10 
2021-11-06,7,38.6 ,2.57 
2021-11-06,9,38.3 ,3.00 
2021-11-06,11,38.3 ,3.00 
2021-11-06,13,38.3 ,2.55 
2021-11-06,15,38.8 ,2.45 
2021-11-06,17,40.2 ,2.29 
2021-11-06,19,38.8 ,2.52 
2021-11-06,21,38.0 ,3.09 
2021-11-06,23,38.8 ,3.04 
2021-11-06,25,38.9 ,3.06 
2021-11-06,27,38.8 ,3.03 
2021-11-06,29,38.8 ,3.00 
2021-11-06,31,39.0 ,3.04 
2021-11-06,33,39.7 ,2.53 
2021-11-06,35,39.2 ,2.54 
2021-11-06,37,38.2 ,3.06 
2021-11-06,39,38.7 ,3.06 
2021-11-07,1,37.6 ,2.59 
2021-11-07,3,37.9 ,2.59 
2021-11-07,5,38.0 ,3.02 
2021-11-07,7,39.2 ,2.58 
2021-11-07,9,39.2 ,2.52 
2021-11-07,11,38.8 ,2.48 
2021-11-07,13,40.6 ,2.37 
2021-11-07,15,40.4 ,2.41 
2021-11-07,17,38.6 ,3.01 
2021-11-07,19,38.3 ,3.05 
2021-11-07,21,38.7 ,3.03 
2021-11-07,23,39.4 ,2.57 
2021-11-07,25,38.2 ,2.59 
2021-11-07,27,38.0 ,3.03 
2021-11-07,29,38.3 ,3.03 
2021-11-07,31,38.7 ,2.56 
2021-11-07,33,38.7 ,2.59 
2021-11-07,35,39.2 ,2.54 
2021-11-07,37,39.1 ,2.56 
2021-11-07,39,39.4 ,3.00 
2021-11-07,41,39.1 ,3.12 
2021-11-07,43,39.4 ,2.54 
2021-11-07,45,38.7 ,3.05 
2021-11-07,47,38.6 ,3.05 
2021-11-10,1,37.3 ,3.10 
2021-11-10,3,37.0 ,3.19 
2021-11-10,5,37.0 ,3.13 
2021-11-10,7,37.5 ,3.10 
2021-11-10,9,37.7 ,3.03 
2021-11-10,11,37.1 ,3.06 
2021-11-10,13,37.1 ,3.06 
2021-11-10,15,37.9 ,3.26 
2021-11-10,17,37.7 ,3.02 
2021-11-10,19,37.4 ,3.00 
2021-11-10,21,37.4 ,3.10 
2021-11-10,23,37.8 ,2.59 
2021-11-10,25,37.2 ,3.04 
2021-11-10,27,37.1 ,3.04 
2021-11-10,29,36.8 ,3.12 
2021-11-10,31,37.0 ,3.03 
2021-11-10,33,37.3 ,3.07 
2021-11-10,35,37.5 ,3.08 
2021-11-10,37,37.0 ,3.08 
2021-11-10,39,36.8 ,2.59 
2021-11-10,41,36.3 ,3.13 
2021-11-10,43,36.2 ,3.06 
2021-11-10,45,37.0 ,3.00 
2021-11-10,47,37.4 ,3.41 
2021-11-10,49,37.5 ,3.13 
2021-11-10,51,37.9 ,2.52 
2021-11-10,53,38.6 ,2.42 
2021-11-10,55,39.1 ,2.31 
2021-11-10,57,37.5 ,3.03 
2021-11-10,59,37.1 ,3.03 
2021-11-13,1,38.1 ,3.00 
2021-11-13,3,38.3 ,3.08 
2021-11-13,5,38.0 ,3.03 
2021-11-13,7,38.0 ,3.06 
2021-11-13,9,38.4 ,3.05 
2021-11-13,11,38.2 ,3.07 
2021-11-13,13,38.0 ,3.06 
2021-11-13,15,37.9 ,3.03 
2021-11-13,17,38.1 ,3.09 
2021-11-13,19,38.6 ,3.01 
2021-11-13,21,37.6 ,3.10 
2021-11-13,23,37.6 ,3.08 
2021-11-13,25,37.4 ,3.13 
2021-11-13,27,37.4 ,3.12 
2021-11-13,29,38.6 ,3.10 
2021-11-13,31,38.8 ,2.57 
2021-11-13,33,38.4 ,3.02 
2021-11-13,35,38.8 ,3.01 
2021-11-13,37,38.2 ,3.04 
2021-11-13,39,38.0 ,3.02 
2021-11-13,41,37.7 ,3.13 
2021-11-13,43,38.0 ,3.13 
2021-11-13,45,38.5 ,3.07 
2021-11-13,47,38.3 ,3.05 
2021-11-13,49,38.3 ,3.02 
2021-11-13,51,38.7 ,2.54 
2021-11-13,53,39.1 ,2.54 
2021-11-13,55,39.3 ,2.55 
2021-11-13,57,38.7 ,3.04 
2021-11-13,59,38.1 ,2.56 
2021-11-13,61,38.7 ,3.02 
2021-11-13,63,38.2 ,2.54 
2021-11-13,65,38.5 ,3.02 
2021-11-13,67,37.6 ,3.01 
2021-11-13,69,37.6 ,2.57 
2021-11-13,71,37.7 ,3.04 
2021-11-14,1,37.1 ,2.47 
2021-11-14,3,37.1 ,3.03 
2021-11-14,5,37.6 ,3.06 
2021-11-14,7,37.5 ,3.04 
2021-11-14,9,37.6 ,3.01 
2021-11-14,11,37.4 ,3.02 
2021-11-14,13,37.7 ,2.57 
2021-11-14,15,37.6 ,3.01 
2021-11-14,17,37.6 ,3.02 
2021-11-14,19,37.4 ,3.03 
2021-11-14,21,37.6 ,3.12 
2021-11-14,23,37.7 ,2.47 
2021-11-14,25,37.5 ,3.20 
2021-11-14,27,37.5 ,3.03 
2021-11-14,29,37.5 ,3.00 
2021-11-14,31,37.6 ,2.56 
2021-11-14,33,38.0 ,2.55 
2021-11-14,35,38.4 ,2.50 
2021-11-14,37,38.0 ,2.57 
2021-11-14,39,39.1 ,3.11 
2021-11-17,1,36.5 ,2.54 
2021-11-17,3,36.1 ,2.58 
2021-11-17,5,38.0 ,2.54 
2021-11-17,7,37.9 ,2.56 
2021-11-17,9,38.0 ,2.45 
2021-11-17,11,38.2 ,2.46 
2021-11-17,13,37.9 ,2.47 
2021-11-17,15,38.2 ,2.56 
2021-11-17,17,38.2 ,2.55 
2021-11-17,19,37.9 ,2.56 
2021-11-17,21,38.6 ,2.58 
2021-11-17,23,38.9 ,2.46 
2021-11-17,25,38.0 ,2.59 
2021-11-17,27,38.0 ,2.56 
2021-11-17,29,39.1 ,2.53 
2021-11-17,31,38.2 ,3.00 
2021-11-17,33,37.8 ,3.06 
2021-11-17,35,38.8 ,2.51 
2021-11-18,1,37.8 ,2.58 
2021-11-18,3,38.2 ,2.59 
2021-11-18,5,39.5 ,2.57 
2021-11-18,7,39.5 ,3.00 
2021-11-18,9,38.9 ,3.01 
2021-11-19,1,39.2 ,3.25 
2021-11-19,3,40.1 ,3.20 
2021-11-19,5,40.0 ,3.14 
2021-11-19,7,40.4 ,3.11 
2021-11-19,9,39.9 ,3.17 
2021-11-19,11,40.6 ,3.08 
2021-11-19,13,40.2 ,3.13 
2021-11-19,15,39.7 ,3.08 
2021-11-19,17,40.6 ,2.59 
2021-11-19,19,40.0 ,3.11 
2021-11-19,21,40.0 ,3.17 
2021-11-19,23,40.1 ,3.06 
2021-11-19,25,40.3 ,3.07 
2021-11-19,27,40.4 ,3.04 
2021-11-19,29,39.9 ,3.08 
2021-11-19,31,40.3 ,3.04 
2021-11-19,33,40.3 ,3.12 
2021-11-19,35,39.8 ,3.08 
2021-11-21,1,39.5 ,3.09 
2021-11-21,3,39.7 ,3.13 
2021-11-21,5,39.7 ,3.18 
2021-11-21,7,38.9 ,3.15 
2021-11-21,9,39.3 ,3.05 
2021-11-21,11,40.9 ,2.59 
2021-11-21,13,40.9 ,2.56 
2021-11-21,15,41.0 ,3.05 
2021-11-21,17,40.9 ,3.19 
2021-11-21,19,41.2 ,3.01 
2021-11-21,21,41.1 ,3.01 
2021-11-21,23,40.1 ,3.03 
2021-11-21,25,40.3 ,3.07 
2021-11-21,27,40.3 ,3.00 
2021-11-23,1,40.2 ,3.05 
2021-11-23,3,38.6 ,3.13 
2021-11-23,5,38.5 ,3.12 
2021-11-23,7,39.1 ,3.12 
2021-11-23,9,38.9 ,3.11 
2021-11-23,11,37.3 ,3.04 
2021-11-23,13,36.7 ,3.11 
2021-11-23,15,38.9 ,3.07 
2021-11-23,17,41.4 ,2.59 
2021-11-23,19,41.0 ,3.06 
2021-11-23,21,39.1 ,3.23 
2021-11-23,23,38.6 ,3.11 
2021-11-23,25,38.6 ,3.03 
2021-11-23,27,38.6 ,3.07 
2021-11-23,29,38.6 ,3.08 
2021-11-24,1,38.3 ,3.07 
2021-11-24,3,37.5 ,3.20 
2021-11-24,5,38.2 ,3.12 
2021-11-24,7,38.2 ,3.08 
2021-11-24,9,39.0 ,3.02 
2021-11-24,11,38.6 ,3.08 
2021-11-24,13,38.9 ,3.12 
2021-11-24,15,38.9 ,3.04 
2021-11-24,17,39.4 ,3.07 
2021-11-24,19,40.1 ,3.02 
2021-11-24,21,39.1 ,3.07 
2021-11-24,23,39.1 ,3.11 
2021-11-24,25,39.3 ,3.06 
2021-11-24,27,39.2 ,3.02 
2021-11-24,29,38.9 ,3.07 
2021-11-24,31,39.4 ,2.54 
2021-11-24,33,39.5 ,2.58 
2021-11-25,1,39.2 ,3.14 
2021-11-25,3,40.6 ,2.58 
2021-11-25,5,40.0 ,3.02 
2021-11-25,7,39.8 ,3.10 
2021-11-25,9,40.1 ,3.07 
2021-11-25,11,39.9 ,3.05 
2021-11-25,13,40.0 ,2.52 
2021-11-25,15,39.4 ,2.53 
2021-11-25,17,38.9 ,3.14 
2021-11-25,19,38.9 ,3.23 
2021-11-25,21,39.2 ,3.14 
2021-11-25,23,39.7 ,3.11 
2021-11-25,25,40.1 ,2.57 
2021-11-25,27,40.1 ,2.54 
2021-11-25,29,39.4 ,3.05 
2021-11-25,31,40.1 ,2.59 
2021-11-25,33,39.9 ,2.59 
2021-11-25,35,40.1 ,3.03 
2021-11-25,37,38.8 ,3.05 
2021-11-25,39,38.8 ,3.06 
2021-11-25,41,40.0 ,3.03 
2021-11-25,43,39.8 ,2.55 
2021-11-25,45,39.4 ,3.04 
2021-11-25,47,39.7 ,3.06 
2021-11-27,1,40.4 ,3.01 
2021-11-27,3,40.7 ,2.58 
2021-11-27,5,39.8 ,3.07 
2021-11-27,7,40.0 ,3.04 
2021-11-27,9,39.9 ,3.00 
2021-11-27,11,40.0 ,3.04 
2021-11-27,13,40.1 ,3.03 
2021-11-27,15,40.1 ,3.01 
2021-11-27,17,40.1 ,3.01 
2021-11-27,19,40.6 ,2.55 
2021-11-27,21,40.4 ,3.30 
2021-11-27,23,40.3 ,3.07 
2021-11-27,25,40.9 ,3.09 
2021-11-27,27,40.9 ,2.52 
2021-11-27,29,41.0 ,3.20 
2021-11-27,31,40.9 ,2.53 
2021-11-27,33,40.7 ,2.53 
2021-11-27,35,40.6 ,2.54 
2021-11-28,1,39.5 ,2.58 
2021-11-28,3,39.4 ,3.01 
2021-11-28,5,40.1 ,3.05 
2021-11-28,7,39.6 ,3.00 
2021-11-28,9,39.7 ,2.59 
2021-11-28,11,40.1 ,2.57 
2021-11-28,13,40.1 ,2.56 
2021-11-28,15,40.5 ,2.56 
2021-11-28,17,40.6 ,2.53 
2021-11-28,19,40.5 ,3.04 
2021-11-28,21,40.6 ,3.04 
2021-11-28,23,40.0 ,3.11 
2021-11-28,25,39.8 ,3.02 
2021-11-28,27,40.1 ,2.57 
2021-11-28,29,40.2 ,2.58 
2021-11-28,31,40.2 ,3.00 
2021-11-28,33,40.0 ,2.57 
2021-11-28,35,40.5 ,3.00 
2021-11-28,37,40.4 ,2.57 
2021-11-28,39,39.4 ,3.04 
2021-11-28,41,40.1 ,2.59 
2021-11-28,43,40.1 ,2.55 
2021-11-28,45,40.0 ,2.56 
2021-11-28,47,40.7 ,2.52 
2021-11-28,49,40.1 ,2.58 
2021-11-28,51,40.5 ,2.58 
2021-11-28,53,40.4 ,2.59 
2021-12-03,1,39.0 ,3.06 
2021-12-03,3,39.0 ,3.04 
2021-12-03,5,38.2 ,3.16 
2021-12-03,7,38.6 ,3.11 
2021-12-03,9,38.8 ,3.04 
2021-12-03,11,38.8 ,3.06 
2021-12-03,13,38.1 ,3.06 
2021-12-03,15,38.8 ,3.04 
2021-12-03,17,39.0 ,2.54 
2021-12-03,19,38.7 ,3.01 
2021-12-03,21,39.4 ,2.56 
2021-12-03,23,39.8 ,2.48 
2021-12-03,25,39.4 ,2.49 
2021-12-03,27,38.9 ,3.02 
2021-12-03,29,38.8 ,2.59 
2021-12-03,31,38.3 ,3.07 
2021-12-03,33,38.7 ,2.56 
2021-12-03,35,39.1 ,2.51 
2021-12-03,37,38.9 ,2.52 
2021-12-03,39,38.9 ,2.58 
2021-12-03,41,39.5 ,2.58 
2021-12-03,43,39.4 ,2.56 
2021-12-03,45,40.0 ,3.02 
2021-12-04,1,38.8 ,3.04 
2021-12-04,3,38.1 ,3.03 
2021-12-04,5,38.5 ,3.03 
2021-12-04,7,39.5 ,2.56 
2021-12-04,9,39.4 ,2.54 
2021-12-04,11,39.4 ,2.49 
2021-12-04,13,39.5 ,3.08 
2021-12-04,15,39.3 ,2.50 
2021-12-04,17,39.4 ,3.03 
2021-12-04,19,39.4 ,2.55 
2021-12-07,1,39.3 ,2.57 
2021-12-07,3,39.7 ,2.56 
2021-12-07,5,40.2 ,2.46 
2021-12-07,7,39.8 ,2.52 
2021-12-07,9,39.8 ,2.52 
2021-12-08,1,39.9 ,2.51 
2021-12-08,3,39.8 ,2.54 
2021-12-08,5,40.1 ,2.51 
2021-12-08,7,40.2 ,2.50 
2021-12-08,9,39.5 ,2.57 
2021-12-08,11,38.5 ,3.03 
2021-12-08,13,39.0 ,3.03 
2021-12-08,15,40.2 ,2.59 
2021-12-08,17,39.7 ,2.56 
2021-12-08,19,40.1 ,2.54 
2021-12-08,21,39.2 ,2.58 
2021-12-09,1,39.8 ,3.02 
2021-12-09,3,39.8 ,3.02 
2021-12-09,5,40.0 ,2.52 
2021-12-09,7,39.7 ,2.54 
2021-12-09,9,40.0 ,2.56 
2021-12-09,11,40.5 ,2.46 
2021-12-09,13,40.0 ,2.57 
2021-12-09,15,39.9 ,3.05 
2021-12-09,17,40.4 ,2.47 
2021-12-10,1,39.7 ,2.50 
2021-12-10,3,38.8 ,3.07 
2021-12-10,5,39.1 ,2.58 
2021-12-10,7,40.0 ,2.42 
2021-12-10,9,40.1 ,2.48 
2021-12-10,11,40.2 ,2.44 
2021-12-10,13,39.5 ,2.53 
2021-12-10,15,39.2 ,2.55 
2021-12-10,17,39.4 ,2.52 
2021-12-10,19,38.3 ,3.07 
2021-12-10,21,37.9 ,3.14 
2021-12-10,23,38.3 ,3.04 
2021-12-10,25,38.9 ,2.54 
2021-12-11,1,40.6 ,3.02 
2021-12-11,3,40.6 ,3.05 
2021-12-11,5,40.6 ,2.49 
2021-12-11,7,40.2 ,3.03 
2021-12-11,9,40.8 ,3.01 
2021-12-11,11,40.9 ,2.55 
2021-12-11,13,41.1 ,2.50 
2021-12-11,15,41.8 ,2.55 
2021-12-11,17,42.1 ,2.49 
2021-12-11,19,41.8 ,2.48 
2021-12-11,21,41.7 ,2.50 
2021-12-11,23,41.3 ,3.03 
2021-12-11,25,41.4 ,2.55 
2021-12-11,27,41.9 ,3.02 
2021-12-11,29,40.4 ,2.55 
2021-12-11,31,40.0 ,3.15 
2021-12-11,33,39.5 ,3.00 
2021-12-11,35,39.1 ,3.03 
2021-12-11,37,39.0 ,2.59 
2021-12-11,39,39.5 ,3.01 
2021-12-12,1,38.8 ,3.09 
2021-12-12,3,38.4 ,3.05 
2021-12-12,5,38.1 ,3.12 
2021-12-12,7,38.9 ,3.04 
2021-12-12,9,39.5 ,3.20 
2021-12-12,11,39.3 ,3.02 
2021-12-12,13,38.7 ,3.03 
2021-12-12,15,38.3 ,3.04 
2021-12-12,17,38.3 ,3.08 
2021-12-12,19,38.0 ,3.07 
2021-12-12,21,38.3 ,3.09 
2021-12-12,23,38.7 ,3.04 
2021-12-12,25,38.8 ,3.01 
2021-12-12,27,38.5 ,3.04 
2021-12-12,29,38.7 ,2.56 
2021-12-14,1,37.5 ,3.04 
2021-12-14,3,36.8 ,3.08 
2021-12-14,5,37.0 ,3.04 
2021-12-14,7,37.4 ,3.01 
2021-12-14,9,37.7 ,3.09 
2021-12-14,11,38.0 ,3.04 
2021-12-14,13,37.9 ,3.06 
2021-12-14,15,37.0 ,3.08 
2021-12-14,17,36.1 ,3.12 
2021-12-14,19,35.9 ,3.04 
2021-12-14,21,36.5 ,3.09 
2021-12-16,1,39.0 ,3.16 
2021-12-16,3,39.0 ,3.09 
2021-12-16,5,38.5 ,3.24 
2021-12-16,7,38.6 ,3.21 
2021-12-16,9,39.0 ,3.17 
2021-12-16,11,38.9 ,3.10 
2021-12-16,13,38.3 ,3.20 
2021-12-16,15,38.2 ,3.19 
2021-12-16,17,38.5 ,3.26 
2021-12-16,19,39.2 ,3.35 
2021-12-16,21,39.1 ,3.16 
2021-12-16,23,39.4 ,3.16 
2021-12-16,25,39.5 ,3.11 
2021-12-16,27,39.7 ,3.11 
2021-12-16,29,39.6 ,3.07 
2021-12-16,31,38.8 ,3.14 
2021-12-16,33,38.8 ,3.23 
2021-12-16,35,38.8 ,3.15 
2021-12-16,37,39.1 ,3.38 
2021-12-16,39,39.6 ,3.10 
2021-12-16,41,39.5 ,3.14 
2021-12-16,43,38.5 ,3.18 
2021-12-16,45,38.3 ,3.25 
2021-12-17,1,38.9 ,3.13 
2021-12-17,3,38.3 ,3.31 
2021-12-17,5,38.7 ,3.26 
2021-12-17,7,38.9 ,3.24 
2021-12-17,9,38.7 ,3.27 
2021-12-17,11,38.1 ,3.36 
2021-12-17,13,37.5 ,3.28 
2021-12-17,15,38.2 ,3.26 
2021-12-17,17,38.5 ,3.25 
2021-12-17,19,38.4 ,3.26 
2021-12-17,21,38.5 ,3.27 
2021-12-17,23,38.9 ,3.24 
2021-12-17,25,38.3 ,3.10 
2021-12-17,27,36.4 ,3.46 
2021-12-17,29,37.9 ,3.32 
2021-12-17,31,38.1 ,3.41 
2021-12-17,33,38.3 ,3.28 
2021-12-17,35,38.3 ,3.26 
2021-12-17,37,38.4 ,3.24 
2021-12-17,39,37.8 ,3.52 
2021-12-17,41,37.8 ,3.44 
2021-12-19,1,37.5 ,3.22 
2021-12-19,3,37.6 ,3.22 
2021-12-19,5,37.6 ,3.26 
2021-12-19,7,37.4 ,3.20 
2021-12-19,9,37.4 ,3.22 
2021-12-19,11,38.0 ,3.13 
2021-12-19,13,37.4 ,3.10 
2021-12-19,15,37.1 ,3.20 
2021-12-19,17,37.8 ,3.31 
2021-12-19,19,37.9 ,3.20 
2021-12-19,21,38.4 ,3.22 
2021-12-19,23,39.6 ,3.07 
2021-12-19,25,38.5 ,3.21 
2021-12-19,27,38.3 ,3.25 
2021-12-19,29,38.9 ,3.19 
2021-12-19,31,38.4 ,3.16 
2021-12-19,33,38.5 ,3.16 
2021-12-19,35,39.3 ,3.08 
2021-12-19,37,39.2 ,3.14 
2021-12-19,39,39.1 ,3.20 
2021-12-19,41,38.7 ,3.19 
2021-12-21,1,38.0 ,3.15 
2021-12-21,3,37.7 ,3.26 
2021-12-21,5,38.2 ,3.19 
2021-12-21,7,37.7 ,3.21 
2021-12-21,9,37.6 ,3.19 
2021-12-21,11,38.0 ,3.16 
2021-12-21,13,38.0 ,3.07 
2021-12-21,15,38.6 ,3.03 
2021-12-21,17,38.0 ,3.13 
2021-12-21,19,37.9 ,3.20 
2021-12-21,21,37.7 ,3.22 
2021-12-21,23,37.9 ,3.18 
2021-12-21,25,38.5 ,3.16 
2021-12-21,27,37.8 ,3.11 
2021-12-21,29,37.5 ,3.21 
2021-12-21,31,37.9 ,3.17 
2021-12-21,33,37.8 ,3.11 
2021-12-23,1,39.2 ,3.21 
2021-12-23,3,39.2 ,3.21 
2021-12-23,5,39.2 ,3.37 
2021-12-23,7,38.8 ,3.25 
2021-12-23,9,39.2 ,3.30 
2021-12-23,11,38.8 ,3.10 
2021-12-24,1,38.1 ,3.31 
2021-12-24,3,37.8 ,3.30 
2021-12-24,5,38.2 ,3.53 
2021-12-24,7,38.4 ,3.22 
2021-12-24,9,39.3 ,3.23 
2021-12-24,11,39.6 ,3.14 
2021-12-24,13,38.6 ,3.24 
2021-12-24,15,38.9 ,3.21 
2021-12-24,17,38.2 ,3.21 
2021-12-24,19,38.0 ,3.15 
2021-12-24,21,38.4 ,3.18 
2021-12-24,23,38.6 ,3.15 
2021-12-29,1,39.3 ,3.22 
2021-12-29,3,38.5 ,3.33 
2021-12-29,5,39.2 ,3.26 
2021-12-29,7,38.7 ,3.30 
2021-12-29,9,38.8 ,3.32 
2021-12-29,11,38.0 ,3.30 
2021-12-29,13,38.1 ,3.31 
2021-12-29,15,38.4 ,3.23 
2021-12-29,17,39.4 ,3.24 
